:020000040800F2
:1000000000000320A9DE0008E5490008E9490008CE
:10001000ED490008F1490008F5490008000000001A
:10002000000000000000000000000000313800085F
:10003000F949000800000000ED37000825370008E6
:10004000F9DE0008F9DE0008F9DE0008F9DE000834
:10005000F9DE0008F9DE0008F9DE0008F9DE000824
:10006000F9DE0008F9DE0008F9DE0008F9DE000814
:10007000FD490008F9DE0008F9DE0008F9DE000895
:10008000F9DE0008F9DE0008590D0008F9DE000865
:10009000F9DE0008F9DE0008F9DE0008F9DE0008E4
:1000A000F9DE0008F9DE0008F9DE0008F9DE0008D4
:1000B000F9DE0008F9DE0008F9DE0008F9DE0008C4
:1000C000F9DE0008F9DE0008F9DE0008F9DE0008B4
:1000D000F9DE0008F9DE0008F9DE0008F9DE0008A4
:1000E000F9DE0008F9DE0008F9DE0008F9DE000894
:1000F000F9DE0008F9DE0008F9DE0008F9DE000884
:10010000F9DE0008F9DE0008014A0008F9DE0008FF
:10011000F9DE0008F9DE0008F9DE0008F9DE000863
:10012000FD0C0008F9DE0008F9DE0008F9DE000821
:10013000F9DE0008291400080D4A0008F9DE00085D
:10014000F9DE0008F9DE0008F9DE0008F9DE000833
:10015000F9DE0008F9DE0008F9DE0008F9DE000823
:10016000F9DE0008F9DE0008F9DE0008F9DE000813
:10017000F9DE0008F9DE0008F9DE0008F9DE000803
:10018000F9DE0008F9DE0008F9DE0008F9DE0008F3
:10019000F9DE0008F9DE0008F9DE0008F9DE0008E3
:0C01A000F9DE0008F9DE0008F9DE0008B6
:1001B00081F0004102E000BF83F0004330B54FEA18
:1001C00041044FEA430594EA050F08BF90EA020F85
:1001D0001FBF54EA000C55EA020C7FEA645C7FEA18
:1001E000655C00F0E2804FEA5454D4EB5555B8BF3B
:1001F0006D420CDD2C4480EA020281EA030382EAAC
:10020000000083EA010180EA020281EA0303362D3D
:1002100088BF30BD11F0004F4FEA01314FF4801C10
:100220004CEA113102D0404261EB410113F0004F22
:100230004FEA03334CEA133302D0524263EB4303D9
:1002400094EA050F00F0A780A4F10104D5F1200E77
:100250000DDB02FA0EFC22FA05F2801841F10001D2
:1002600003FA0EF2801843FA05F359410EE0A5F1A6
:1002700020050EF1200E012A03FA0EFC28BF4CF0D7
:10028000020C43FA05F3C01851EBE37101F000458D
:1002900007D54FF0000EDCF1000C7EEB00006EEB9A
:1002A0000101B1F5801F1BD3B1F5001F0CD3490824
:1002B0005FEA30004FEA3C0C04F101044FEA44527B
:1002C00012F5800F80F09A80BCF1004F08BF5FEA02
:1002D000500C50F1000041EB045141EA050130BDE2
:1002E0005FEA4C0C404141EB0101013C28BFB1F5F4
:1002F000801FE9D291F0000F04BF01460020B1FA3F
:1003000081F308BF2033A3F10B03B3F120020CDA11
:100310000C3208DD02F1140CC2F10C0201FA0CF0EF
:1003200021FA02F10CE002F11402D8BFC2F1200C54
:1003300001FA02F120FA0CFCDCBF41EA0C0190400A
:10034000E41AA2BF01EB0451294330BD6FEA040453
:100350001F3C1CDA0C340EDC04F11404C4F120023E
:1003600020FA04F001FA02F340EA030021FA04F350
:1003700045EA030130BDC4F10C04C4F1200220FAA7
:1003800002F001FA04F340EA0300294630BD21FAE5
:1003900004F0294630BD94F0000F83F4801306BFAB
:1003A00081F480110134013D4EE77FEA645C18BF9F
:1003B0007FEA655C29D094EA050F08BF90EA020F36
:1003C00005D054EA000C04BF1946104630BD91EA2E
:1003D000030F1EBF0021002030BD5FEA545C05D131
:1003E0004000494128BF41F0004130BD14F5800470
:1003F0003CBF01F5801130BD01F0004545F0FE41E4
:1004000041F470014FF0000030BD7FEA645C1ABF18
:10041000194610467FEA655C1CBF0B46024650EA4F
:10042000013406BF52EA033591EA030F41F400217B
:1004300030BD00BF90F0000F04BF0021704730B501
:100440004FF4806404F132044FF000054FF00001D6
:1004500050E700BF90F0000F04BF0021704730B597
:100460004FF4806404F1320410F0004548BF40426C
:100470004FF000013EE700BF42004FEAE2014FEAC1
:1004800031014FEA02701FBF12F07F4393F07F4F9C
:1004900081F06051704732F07F4208BF704793F09F
:1004A0007F4F04BF41F40021704730B54FF46074B2
:1004B00001F0004521F000411CE700BF50EA0102B5
:1004C00008BF704730B54FF000050AE050EA01025E
:1004D00008BF704730B511F0004502D5404261EBCE
:1004E00041014FF4806404F132045FEA915C3FF40F
:1004F000D8AE4FF003025FEADC0C18BF03325FEAAC
:10050000DC0C18BF033202EBDC02C2F1200300FA5C
:1005100003FC20FA02F001FA03FE40EA0E0021FA81
:1005200002F11444BDE600BF70B54FF0FF0C4CF46F
:10053000E06C1CEA11541DBF1CEA135594EA0C0F21
:1005400095EA0C0F00F0DEF82C4481EA030621EA5C
:100550004C5123EA4C5350EA013518BF52EA033597
:1005600041F4801143F4801338D0A0FB02CE4FF049
:100570000005E1FB02E506F00042E0FB03E54FF079
:100580000006E1FB03569CF0000F18BF4EF0010E71
:10059000A4F1FF04B6F5007F64F5407404D25FEA6D
:1005A0004E0E6D4146EB060642EAC62141EA555120
:1005B0004FEAC52040EA5E504FEACE2EB4F1FD0C62
:1005C00088BFBCF5E06F1ED8BEF1004F08BF5FEAE0
:1005D000500E50F1000041EB045170BD06F0004692
:1005E00046EA010140EA020081EA0301B4EB5C043F
:1005F000C2BFD4EB0C0541EA045170BD41F4801137
:100600004FF0000E013C00F3AB8014F1360FDEBF5B
:10061000002001F0004170BDC4F10004203C35DA37
:100620000C341BDC04F11404C4F1200500FA05F3BA
:1006300020FA04F001FA05F240EA020001F000425B
:1006400021F0004110EBD37021FA04F642EB0601D1
:100650005EEA430E08BF20EAD37070BDC4F10C04FB
:10066000C4F1200500FA04F320FA05F001FA04F2BF
:1006700040EA020001F0004110EBD37041F10001AB
:100680005EEA430E08BF20EAD37070BDC4F12005B6
:1006900000FA05F24EEA020E20FA04F301FA05F21E
:1006A00043EA020321FA04F001F0004121FA04F2C6
:1006B00020EA020000EBD3705EEA430E08BF20EA96
:1006C000D37070BD94F0000F0FD101F000464000D0
:1006D00041EB010111F4801F08BF013CF7D041EA52
:1006E000060195F0000F18BF704703F00046520056
:1006F00043EB030313F4801F08BF013DF7D043EA27
:100700000603704794EA0C0F0CEA135518BF95EADC
:100710000C0F0CD050EA410618BF52EA4306D1D163
:1007200081EA030101F000414FF0000070BD50EA82
:10073000410606BF1046194652EA430619D094EA0C
:100740000C0F02D150EA013613D195EA0C0F05D1F6
:1007500052EA03361CBF104619460AD181EA03014A
:1007600001F0004141F0FE4141F470014FF0000002
:1007700070BD41F0FE4141F4780170BD70B54FF09D
:10078000FF0C4CF4E06C1CEA11541DBF1CEA13551D
:1007900094EA0C0F95EA0C0F00F0A7F8A4EB0504FF
:1007A00081EA030E52EA03354FEA013100F08880F6
:1007B0004FEA03334FF0805545EA131343EA1263BF
:1007C0004FEA022245EA111545EA10654FEA002674
:1007D0000EF000419D4208BF964244F1FD0404F52D
:1007E000407402D25B084FEA3202B61A65EB030589
:1007F0005B084FEA32024FF480104FF4002CB6EB46
:10080000020E75EB030E22BFB61A754640EA0C00C5
:100810005B084FEA3202B6EB020E75EB030E22BF05
:10082000B61A754640EA5C005B084FEA3202B6EB46
:10083000020E75EB030E22BFB61A754640EA9C0005
:100840005B084FEA3202B6EB020E75EB030E22BFD5
:10085000B61A754640EADC0055EA060E18D04FEA93
:10086000051545EA16754FEA06164FEAC30343EA33
:1008700052734FEAC2025FEA1C1CC0D111F4801F00
:100880000BD141EA00014FF000004FF0004CB6E7F9
:1008900011F4801F04BF01430020B4F1FD0C88BF98
:1008A000BCF5E06F3FF6AFAEB5EB030C04BFB6EBA3
:1008B000020C5FEA500C50F1000041EB045170BD96
:1008C0000EF0004E4EEA113114EB5C04C2BFD4EBC3
:1008D0000C0541EA045170BD41F480114FF0000E47
:1008E000013C90E645EA060E8DE60CEA135594EAC3
:1008F0000C0F08BF95EA0C0F3FF43BAF94EA0C0FC6
:100900000AD150EA01347FF434AF95EA0C0F7FF43A
:1009100025AF104619462CE795EA0C0F06D152EA8E
:1009200003353FF4FDAE1046194622E750EA410672
:1009300018BF52EA43067FF4C5AE50EA41047FF483
:100940000DAF52EA43057FF4EBAE12E74FF0FF3CE8
:1009500006E000BF4FF0010C02E000BF4FF0010CB9
:100960004DF804CD4FEA410C7FEA6C5C4FEA430C32
:1009700018BF7FEA6C5C1BD001B050EA410C0CBF81
:1009800052EA430C91EA030F02BF90EA020F0020E3
:10099000704710F1000F91EA030F58BF994208BF4A
:1009A00090422CBFD8176FEAE37040F00100704707
:1009B0004FEA410C7FEA6C5C02D150EA013C07D15E
:1009C0004FEA430C7FEA6C5CD6D152EA033CD3D0A9
:1009D0005DF8040B704700BF8446104662468C46A3
:1009E0001946634600E000BF01B5FFF7B7FF0028D6
:1009F00048BF10F1000F01BD4DF808EDFFF7F4FFFF
:100A00000CBF012000205DF808FB00BF4DF808ED89
:100A1000FFF7EAFF34BF012000205DF808FB00BFAC
:100A20004DF808EDFFF7E0FF94BF012000205DF8CE
:100A300008FB00BF4DF808EDFFF7CEFF94BF012083
:100A400000205DF808FB00BF4DF808EDFFF7C4FF7C
:100A500034BF012000205DF808FB00BF4FEA4102CF
:100A600012F5001215D211D56FF47873B3EB625200
:100A700012D94FEAC12343F0004343EA505311F027
:100A8000004F23FA02F018BF404270474FF00000B9
:100A9000704750EA013005D111F0004008BF6FF0F7
:100AA000004070474FF00000704700BF4A0011D26D
:100AB00012F5001211D20DD56FF47873B3EB6252B8
:100AC0000ED44FEAC12343F0004343EA505323FAC4
:100AD00002F070474FF00000704750EA013002D139
:100AE0004FF0FF3070474FF0000070474FEA41026F
:100AF000B2F1E04324BFB3F5001CDCF1FE5C0DD97C
:100B000001F0004C4FEAC0024CEA5070B2F1004FC5
:100B100040EB830008BF20F00100704711F0804FC8
:100B200021D113F13872BCBF01F00040704741F48D
:100B300080114FEA5252C2F11802C2F1200C10FA91
:100B40000CF320FA02F018BF40F001004FEAC12375
:100B50004FEAD32303FA0CFC40EA0C0023FA02F319
:100B60004FEA4303CCE77FEA625307D150EA0133EF
:100B70001EBF4FF0FE4040F44000704701F00040BF
:100B800040F0FE4040F40000704700BF53B94AB93E
:100B9000002908BF00281CBF4FF0FF314FF0FF3085
:100BA00000F00CB8ADF1080C6DE904CE0DF0F2FACE
:100BB000DDF804E0DDE9022304B07047704700BFB0
:100BC000034613F8012B002AFBD1181A013870478D
:100BD00001F0FF01102A2BDB10F0070F08D010F8EE
:100BE000013B013A8B422DD010F0070F42B3F6D1F2
:100BF000F0B441EA012141EA014122F007047FF00B
:100C000000070023F0E80256083C85EA010586EA61
:100C1000010685FA47F5A3FA87F586FA47F6A5FA9D
:100C200087F68EB9EED1F0BC01F0FF0102F00702A9
:100C300032B110F8013B013A83EA010313B1F8D154
:100C40000020704701387047002D06BF3546033835
:100C5000073815F0010F07D1013015F4807F02BF6E
:100C6000013015F4C03F0130F0BC0138704700BFBF
:100C70000348044B834202D0034B03B1184770472B
:100C80009C0100209C010020000000000548064B4C
:100C90001B1AD90F01EBA301491002D0034B03B17A
:100CA000184770479C0100209C01002000000000B4
:100CB00010B5064C237843B9FFF7DAFF044B13B1A4
:100CC0000448AFF300800123237010BDA001002071
:100CD0000000000060F4000808B5054B1BB1054991
:100CE0000548AFF30080BDE80840FFF7CFBF00BF65
:100CF00000000000A401002060F400081449154819
:100D00008A794B69825C9858C00603EB020C02D5C5
:100D10001868800600D4704704204872202098602C
:100D2000985810F4907FF6D1985820F0010010B434
:100D30000C689850DCF804106FF30F012143CCF8D5
:100D4000041099585DF8044B41F001019950704727
:100D5000BC01002078F40008704700BF704700BF56
:100D6000F0B4344D0469AC4228D1334D4FF0000C3F
:100D7000012B2C6185F807C01DD012B36B7A082BAC
:100D800019D0C66842690768EE606A6190F806C0CB
:100D900085F806C003792B71E36A04982F6023F469
:100DA000700303430129E36203D004291DD0022903
:100DB00016D008236B722048F0BC70470020F0BCAE
:100DC0007047AB7A082BF6D043796B71022903D1B7
:100DD000636843F08003636008231748AB72EBE756
:100DE000636843F020036360E3E7144BA16813F8E2
:100DF0000C30134841F44071A160D1188860CE6076
:100E000006EB470608690E61D05840F48020D050A8
:100E100048686FF30F0038434860D15841F0100123
:100E2000D150D15841F00401D150D15841F00101C5
:100E3000D150BEE700200140BC01002078F400083A
:100E40004C20014003699A68D20703D49A6842F0A3
:100E500001029A60704700BF036953B1012910B5C0
:100E6000044627D00429104605D0022948D0012085
:100E700010BD012070479A6812F0405FF7D101223F
:100E800062729A6842F080429A60637A042BFCD1C5
:100E90002849A3796269CB5CE168D35822681B03B7
:100EA0004FEA420258BF89180DF0ADFC0823637267
:100EB000002010BD9A6812F0405FD8D1427A022A11
:100EC00008D0427A042A05D0427A082A02D01A6849
:100ED0009107CCD51A68920604D56FF02001102234
:100EE00019606272627A102AC1D0627A082A0CBF35
:100EF0000122202262729A6842F080429A60D7E70B
:100F0000637A202B05D0637A042B02D0637A102BEE
:100F1000ADD10849A3796269CB5C08216172D358CD
:100F20002268E16852001B0358BF89180DF06BFC62
:100F3000BEE700BF78F40008036910B49C68E407BA
:100F400003D59C6824F001049C605C68640603D5AA
:100F50005C6824F040045C605C68640103D55C68F4
:100F600024F080645C60A2B1012903D0022936D04C
:100F700004291AD000224021827102714172D96A7B
:100F8000C26021F4700102604261D9625DF8044BD5
:100F900070474024022942718472F7D15A685DF883
:100FA000044B22F080025A60704781790E4C4269EE
:100FB000615C545824F001045450545824F0040443
:100FC0005450545824F0100454500A4451686FF39C
:100FD0000F0151609A6822F440729A60CAE75A6819
:100FE00022F020025A60C5E778F400082DE9F04F9E
:100FF00087B0164602939DF844300193BDF85030F7
:101000009DF84820BDF84C7003938B46002900F0F2
:10101000A181AE4B05461B784ABB0199002900F01F
:10102000EF80DFF8B0A2DFF8B092DFF8A482039679
:101030009646541C012BA95CA4B200F09C80022BA4
:1010400000F0878063B998F80020039EB05C884266
:1010500000F0A38032788A4200F0CE8088F8003019
:1010600022469345E5D8704607B0BDE8F08F4FF0B3
:10107000000CCDE9046CDFF85C82DFF85CA2DFF8DD
:10108000509211E0002B4DD199F80010049E705C35
:1010900090423FD03178891AB1FA81F14909A446CA
:1010A00089F80010E3452FD90CF10104012B15F844
:1010B0000C20A4B238D0022BE4D1B8F80010159857
:1010C000109E42549AF8000016F800E0013189B2EF
:1010D0009645A8F8001076D03078904214BF0020D2
:1010E00001208AF80000039A8A421BD2891A8142A1
:1010F00018D0774A00231370744A8AF80030E34509
:101100001370A8F80030CFD8DDF814E0704607B0AF
:10111000BDE8F08F029A0131C9B28A4200F0C9805D
:1011200089F80010A446BDE7B8F800108F4205D931
:1011300015984254013189B2A8F800108F42F1D1BC
:10114000019B002B00F0F180604A0223A44613703B
:10115000A8E799F80000109E16F800C08C4500F032
:10116000BD805C495A4800230B805849037089F8B8
:1011700000300B7075E7BAF80020974205D9159832
:101180008154013292B2AAF8002097427FF468AFEE
:101190004E49022322460B7063E702990132D2B214
:1011A000914202D088F800205AE74B4A88F8003074
:1011B0001370484A13802246002F40F0EE804349C6
:1011C00002230B704DE7019A0130C0B290428AF8B9
:1011D000000088D1179B8A1A92B21A80DDE9151097
:1011E0000DF011FB3A4A00231370384A8AF8003098
:1011F0001370A8F80030A8E0012288F800202FE73B
:101200000A46541C012B8E46DFF8C8A0DFF8C880C0
:10121000DFF8BC90A95C0196A4B229D0022B0FD0B4
:1012200063B999F800200198805C884274D0019AD3
:1012300012788A4200F0938089F8003022460FE04D
:1012400098F80000109E365C8E4200F08E80214996
:101250001F4800230B801D49037088F800300B7075
:101260005A45BFF400AF541C012BA95CA4B2D5D1E0
:10127000BAF80020BA4205D215988154013292B2D0
:10128000AAF800209742D9D1179BDDE915101F80DD
:101290003A460DF0B8FA0E4A0F49002313700B4A74
:1012A0000B70AAF800301370224600234FF0010E95
:1012B000D6E7094A89F800301370064AA44613801D
:1012C000002F4ED0014A01231370EBE6DC01002011
:1012D000DB010020D8010020DA0100200199421C26
:1012E000D2B2914289F800207FF4BAAE354B1599FD
:1012F0001A88179B16981A800DF085FA314B3248E0
:1013000000211980314B01701970224689F80010B4
:101310000B464FF0010EA4E602990132D2B28A4286
:101320003FD089F8002022469AE7179B3A461F8053
:10133000DDE915100DF067FA244B019A1A70244B61
:10134000A8F800201A70204B1A700122A44600232E
:101350000592A7E68E46704607B0BDE8F08F0122E1
:10136000DFE71A4A022313709CE60130C6B288F800
:101370000060002E7FF462AF124B15991A88179BFC
:1013800016981A800DF03FFA0E4B88F800601E8008
:101390000E4B1E700C4B1E7086E70C4901230B7020
:1013A0005FE60B4A89F800301370064A1380224624
:1013B0001FB9064902230B7052E7044901230B7041
:1013C0004EE700BFD8010020DB010020DC01002037
:1013D000DA01002038B5037B013303F00103037306
:1013E000837B012B0446154613D0A368227B6968D2
:1013F0004FF4B86000FB02306A890DF004FA012353
:101400002374237BDBB263732846BDE8384006F0C3
:10141000FBB8427B037B9A42E7D1437B013303F065
:1014200001030373E1E700BF08B5034804F018F8AF
:10143000BDE8084003F05AB81C1F0020F0B583B087
:101440000546002408460F4616460194FFF7B8FBF0
:10145000F8B12346214622460DF1040C0CE01CF89D
:1014600001400133DBB204EB840402EB44029842F6
:101470000CF801201A460BD9BC5C2E2CA4F13002CA
:10148000EDD10133DBB201319842C9B21A46F3D82B
:101490000198009046B3364B1B78D3B90AF0CAFDC9
:1014A0000746002861D06B1C28D1324CB2B2694685
:1014B00038460AF06BFD22782F4B02EB420103EB1A
:1014C000C100C90001325D5046602270476103B01F
:1014D000F0BD2A480368AB42E0D1264A4660137843
:1014E0000133137003B0F0BD224B1B786BBB0AF0C5
:1014F000A1FD0746002838D06A1C06D02049AAB2B0
:1015000038460AF0C1FB002ECFD1194E1B4C327861
:101510001C4902EB420204EBC20238460AF078FD95
:101520003378194803EB430204EBC201D200A55003
:101530004FF4386202FB0302002048600133084682
:101540004F6133708A6003B0F0BD0B480368AB4253
:10155000CDD107490C4A0B784FF4386404FB0322C1
:10156000013382600B7003B0F0BD0020BAE700BF0A
:10157000DE010020DD010020600D0020780D00203C
:101580001C130108D5130008E001002010B370B54A
:101590000E4604461146ABB90F4B93F84430022B6C
:1015A00016D0012289B2362006F09CF8054678B1A3
:1015B00060696E6029460AF0A1FC284606F024F80E
:1015C000002070BD044A92F84430022BFBD0E8E7BB
:1015D000012070BD012070471C1F0020E0B110B534
:1015E000044623B9037C012B04D0012010BD237CC9
:1015F000002BFCD072B60123A373A36894F80DC02E
:1016000008464FF4B86101FB0C310DF0FCF80020E6
:10161000A073207462B610BD01207047FFF70EBFA3
:10162000FFF7B4BF08B5FFF7D9FFC0B208BD00BFD0
:10163000704700BFCB0703D50368DA6852064DD563
:101640008B0703D50368DA68920742D54B0703D5A9
:101650000368DA68520737D50B0703D50368DA68E1
:1016600012072CD5CB0603D50368DA68D20621D53C
:101670008B0603D50368DA68D20716D54B0603D567
:101680000368DA6812060BD5090603D50368DA6821
:10169000920600D57047DA6842F02002DA6070479F
:1016A000DA6842F08002DA60EEE7DA6842F00102BE
:1016B000DA60E3E7DA6842F01002DA60D8E7DA6865
:1016C00042F00802DA60CDE7DA6842F00402DA603C
:1016D000C2E7DA6842F00202DA60B7E7DA6842F09D
:1016E0004002DA60ACE700BFCB0703D50368DA68D5
:1016F00052064CD48B0703D50368DA68920741D4AD
:101700004B0703D50368DA68520736D40B0703D5B5
:101710000368DA6812072BD4CB0603D50368DA68AE
:10172000D20620D48B0603D50368DA68D20715D514
:101730004B0603D50368DA6812060AD4090607D5F2
:101740000368DA68920603D5DA6822F02002DA60CC
:101750007047DA6822F08002DA60EFE7DA6822F098
:101760000102DA60E4E7DA6822F01002DA60D9E711
:10177000DA6822F00802DA60CEE7DA6822F00402C2
:10178000DA60C3E7DA6822F00202DA60B8E7DA6802
:1017900022F04002DA60ADE70229036814D00D4A56
:1017A000934204D002F58062934200D0704703292F
:1017B00005D00429FAD11A6A42F001021A621A6AA3
:1017C00042F004021A6270471A6A42F001021A6279
:1017D000704700BF000001400229036814D00D4A81
:1017E000934204D002F58062934200D070470329EF
:1017F00005D00429FAD11A6A22F001021A621A6A83
:1018000022F004021A6270471A6A22F001021A6278
:10181000704700BF000001400229036814D00D4A40
:10182000934204D002F58062934200D070470329AE
:1018300005D00429FAD11A6A42F010021A621A6A13
:1018400042F040021A6270471A6A42F010021A62AD
:10185000704700BF000001400229036814D00D4A00
:10186000934204D002F58062934200D0704703296E
:1018700005D00429FAD11A6A22F010021A621A6AF3
:1018800022F040021A6270471A6A22F010021A62AD
:10189000704700BF000001400229036814D00D4AC0
:1018A000934204D002F58062934200D0704703292E
:1018B00005D00429FAD11A6A42F480721A621A6AAF
:1018C00042F480621A6270471A6A42F480721A62A5
:1018D000704700BF000001400229036814D00D4A80
:1018E000934204D002F58062934200D070470329EE
:1018F00005D00429FAD11A6A22F480721A621A6A8F
:1019000022F480621A6270471A6A22F480721A62A4
:10191000704700BF00000140022904D10268136A29
:1019200043F4805313627047022904D10268136A9A
:1019300023F48053136270470368B3F1804F20D0C3
:10194000144A934214D002F5806293421ED002F5ED
:10195000A03293421CD0A2F59632934213D11A685A
:101960000D4812F06002036008D11B6802717047D5
:101970000A481A68036012F06002F6D00122027170
:1019800070470748F5E700221360FFDE0548F0E7DF
:101990000548EEE700040040900D0020340F0020C1
:1019A000C00F0020A80E00201C0E0020B1F5803FC3
:1019B00009D30368B3F1804F05D004484FF6FF7296
:1019C000834218BF11460846704700BF000C004014
:1019D0002DE9F04FA3B0504A504C019436233821E2
:1019E0000F9411941394DFF840A1DFF840B10392F3
:1019F0000592079209920B920D928DF808108DF8BE
:101A000010308DF818308DF820308DF828308DF892
:101A100030308DF838308DF840108DF848108DF842
:101A2000501015AC451E00F109090DF1040809AF6D
:101A300011AE1CE00522214658460CF05EFE00283F
:101A400066D03748052221460CF057FE002861D0A9
:101A50003448052221460CF050FE00280CBF02231A
:101A6000012305F8013F4D4504F105044DD09DF8D3
:101A700010308DF85D309DF818308DF862309DF88B
:101A800020308DF867309DF830308DF871309DF83A
:101A900038308DF876309DF840308DF87B3098E8FE
:101AA000030015900398CDF859000598CDF85E0015
:101AB00007988DF85810CDF8630097E803001A9046
:101AC0000B98CDF86D000D98CDF872000F988DF839
:101AD0006C10CDF8770096E803001F9013989DF8DE
:101AE00050308DF88010CDF88100052221465046F7
:101AF0008DF885300CF001FE00289BD1082305F8F5
:101B0000013F4D4504F10504B1D123B0BDE8F08F8C
:101B10000423A6E70123A4E7696E743175696E7426
:101B2000241201081C120108341201082C120108A9
:101B30002DE9F04F2DED0E8B594C94F8F536E7B0AA
:101B400013B1002384F8F53635AD00230822294669
:101B50009FED510BD4F8F806FFF764FD95E80300FC
:101B600094F8C53637AA82E8030013B1002384F83D
:101B7000C5364C4805900D200DF1BE058DF8B90015
:101B800010460DF1BA02062101230795002633AD58
:101B900000920A22CDE903118DF8BA20CDE9013671
:101BA00006950DF1B9020821FFF720FA002862D04E
:101BB000BDF8BE00052805D8C0F10602314628440C
:101BC0000CF0ABFD9DF9CC300E931A46002A9DF81F
:101BD000CC30C0F21C859DF9CD3010931A46002AF6
:101BE0009DF8CD30C0F208859DF9CE3027931A4676
:101BF000002A9DF8CE30C0F2ED849DF9CF209DF8EB
:101C0000CF301F92002AC0F2DA840E9A8DF8B930D4
:101C1000002362F30703109A62F30F23279A62F3FB
:101C200017431F9A62F31F63C4F8CE369DF8D12084
:101C30009DF8D03043EA02230D93A4F8D236002356
:101C400084F8D436184D94F8163E0D9A1C936B8A7E
:101C50001340ADF8BE30AB8A13402193ADF8C030CD
:101C600033B394F9EC3D012B104B00F06E871D93BC
:101C700000232B935BE094F9CE360E9394F9CF3684
:101C8000109394F9D036279394F9D1361F93B4F872
:101C9000D2360D93D6E700BF000000000000000020
:101CA0005010002016170020000000200C1E0020FD
:101CB000CD4BD5ED2F7A93ED007A1D93B4EEE77AF4
:101CC000F1EE10FAC0F26C8494F8143E84F8013EF0
:101CD0008DF84A318DF8B930D4F8023EC4F8EF3DA2
:101CE0004E93D4F8063EC4F8F33D4F93D4F80A3E21
:101CF000C4F8F73D5093D4F80E3EC4F8FB3D519321
:101D00004EA8B4F8123EA4F8FF3DADF848314EAEEF
:101D100001F0D0FC01232B930FCEB44FC4F8020E78
:101D2000FB6033883B82B3787960BA60BB74D4F8C7
:101D3000E40630AA0421FFF78FF8637A0BB1002381
:101D40006372DFF8B4824FF4C762A8F5E4614046DD
:101D50000CF059FDBDF8C000FEF76CFB02460B46C7
:101D6000CDE91223A8F1E00AD4E90E23FEF726FA02
:101D70005AE9026718ED387BCDE90A013946304649
:101D80008DED087BFEF76AFE0022834600F1FF39E5
:101D90000023DDE90801FEF72FFE002800F0DA83BA
:101DA00004EBCB0BDBE90E23DDE90A01FEF706FAB3
:101DB000CDE914019DED127B09F1EC0904EBC90991
:101DC00089ED007B82A3D3E9002330463946FEF734
:101DD00013FE002840F0A983854B30463946002287
:101DE000FEF7ECF980468946DDE908010022002370
:101DF000FEF702FE002800F0B283DDE914017D4BFE
:101E00000022FEF7BBFC06460F467B499DED0A7B90
:101E10004FF4C762A1F5E46084ED0E7B0CF0F3FC97
:101E20004AE90289DDE90889002200234046494643
:101E3000FEF70AFE002800F059866D4B40464946E1
:101E40000022FEF7B9F9CAE90001DFF8B8A153464C
:101E50000433169353460833179353460C331893A1
:101E60005346103319935346143330463946AAF17A
:101E7000280BDAED008A1A93FEF738FEDBED007AC4
:101E80009AED019ADAED029A9AED03AA9AED04BA54
:101E9000DAED05AAF4EE678AF1EE10FA08EE100A00
:101EA00000F00883AAF124032293AAF120032393CC
:101EB000AAF11C032593AAF118032693AAF114038F
:101EC0002493AAF11003209394F80537CDED588A96
:101ED0008DED599ACDED5A9A8DED5BAA8DED5CBAD8
:101EE000CDED5DAA8DED5E8A002B40F0558358AF95
:101EF0000FCF5FAE0FC697E807009FED370B86E860
:101F000007000123D4F808075FA91C22FFF788FB0C
:101F1000BDF8BE301E93002B00F0248394F9ED3DF4
:101F2000012B364B00F018861B9380230021CDE94E
:101F30002931012204232893089295F8FD30003BB3
:101F400018BF0123934294F8153E34BF00220122AA
:101F5000003B18BF01239A421292149300F2BE85EF
:101F6000274B0A9395F90C310E9A934280F2AA8579
:101F7000D31A03F307034FFA83F84046FEF76AFAD1
:101F8000064621F0004795F90E31109A934280F2EF
:101F90008D85D31A03F307034FFA83F94846FEF7FA
:101FA00059FA024621F0004330463946FEF706F959
:101FB0000BA3D3E9002395F90F7195F91061FEF792
:101FC00025FD002840F06C851EE000BFAFF30080C7
:101FD0000000000000E068409A9999999999B93FEA
:101FE0008DEDB5A0F7C6B03E0C1E0020521E00209D
:101FF0000000F03F00006940B0170020101E0020D4
:10200000141E0020181E002006FB09F007FB080024
:10201000FEF720FA9FEDD61B41EC100B0BF096FF5C
:102020009FEDD51B0BF06AFF51EC100BFEF716FD70
:1020300095F9123147B295F9110113FB09F308FB29
:102040000030FEF707FA9FEDCA1B41EC100B0BF0B6
:102050007DFF9FEDC91B0BF051FF51EC100BFEF7FC
:10206000FDFC43B20E9395F9143195F9130113FB5E
:1020700009F308FB0030FEF7EDF99FEDBD1B41ECC5
:10208000100B0BF063FF9FEDBC1B0BF037FF51EC07
:10209000100BFEF7E3FC95F9163146B295F91501E0
:1020A00013FB09F308FB0030FEF7D4F99FEDB01BDA
:1020B00041EC100B0BF04AFF9FEDAF1B0BF01EFF26
:1020C00051EC100BFEF7CAFC43B2129A14998A42E3
:1020D0000FD80A9AD5ED3A7A92ED007AB4EEE77A03
:1020E000F1EE10FA40F1688394F8182E002A00F0FF
:1020F000638395ED100B0BF07FFFB0EE407AF0EEAE
:10210000607A95ED120B57EC176B0BF075FFB0EE84
:10211000407AF0EE607A95ED140B8DED107B0BF0AC
:102120006BFFB0EE407AF0EE607A95ED160B59EC4D
:10213000178B0BF061FF304639468DED0E0BFEF725
:102140008DFC002660F30706DDE91001FEF786FC32
:10215000494660F30F264046FEF780FC60F31746C1
:10216000DDE90E01FEF77AFC95ED180B60F31F66B2
:1021700031960BF041FF51EC100BFEF76FFC95ED23
:102180001A0B8DF8C8000BF037FF51EC100BFEF75F
:1021900065FC43B28DF8C930089B002B40F0B88332
:1021A000B5F898309DF9C4709DF9C5609DF9C600D9
:1021B0009DF9C7109DF9C8209DF9C9C017FB03F709
:1021C00016FB03F610FB03F011FB03F112FB03F205
:1021D0001CFB03FCB5F89C301F441E4418441944F2
:1021E0001A446344A4F8EA3D0123A4F8E07DA4F86E
:1021F000E26DA4F8E40DA4F8E61DA4F8E82D84F837
:10220000193EB4F8E81DD4F85807FFF7CFFBD4F80F
:102210005837B4F8EA1D1B685A6B904218BF5863D0
:10222000D4F84807FFF7C2FBD4F84837B4F8E61DE6
:102230001B685A6B904218BF5863D4F82807FFF701
:10224000B5FB0346D4F828070268D16B8B4218BF50
:10225000D363B4F8E41DFFF7A9FBD4F82837B4F82A
:10226000E01D1B681A6C904218BF1864D4F8180758
:10227000FFF79CFB0346D4F818070268516B8B42AA
:1022800018BF5363B4F8E21DFFF790FBD4F818377A
:102290000D991B689A6B9042EA8A18BF98632B8B42
:1022A00011425BE9026703EA010340F0F483002B6B
:1022B00040F0DC83CDE9086732463B46D5E90001B2
:1022C000FEF7AEFB18B195ED0C7B8DED087BD5E9E3
:1022D000242330463946FEF727F9FEF7E7FB86B29E
:1022E0003146D4F83807FFF761FB0346D4F83807C6
:1022F0000268516B8B4218BF53633146FFF756FBA0
:102300000346D4F838070268916B8B4218BF936379
:102310003146FFF74BFB0346D4F838070268D16B10
:102320008B4218BFD3633146FFF740FBD4F83837F0
:1023300029991B681A6C904218BF18642B9B289A25
:102340005B4203F0780313430D4A91612A9991612E
:10235000C2F8183C1B0483F4F803C2F8183C94F844
:1023600091367BB1002384F891360BE0AFF3008007
:10237000000000000000594000000000000059C0AB
:1023800000040240DFF824E4D4F8EF0DDEF8041076
:10239000DEF80820DEF80C300DF5A67CACE80F0066
:1023A0001123CDE9033300260DF1C2030793CDE9D4
:1023B0000166AEF25D7305933FAF0DF1BB03069767
:1023C0000093BEF81030ACF800309EF812308CF854
:1023D00002304AF6AA23ADF8BC302FAA02231321FB
:1023E00053A88DF8BB60FEF701FE002800F0BF8205
:1023F000BDF8C2804FF6FF73984500F0CD8308F119
:1024000001039BB2112B40F20D8108F1FF321646F9
:10241000394644A80CF0F7F90122B91949A80CF083
:10242000F2F9002E00F0328544AAB01800234FF6CE
:10243000FF7112F801CB63448B4228BF0B468242E6
:102440009BB2F6D1DBB2FF2B9DF8242128BFFF23DE
:102450009A4240F0F780B819012200210CF05DF992
:102460009DF8FC300D938DF8B93002260EE012F87D
:102470009C7C12F89D8CFFF7ABFA9DF8E530334455
:102480009EB2032EADF8C26000F28F8339A8FFF729
:102490009FFA06F5CC730DEB03029DF8E530013B86
:1024A0003344B34239A8E2DA9DF8FD709DF8FC8010
:1024B00039A8E0E75AED097AF4EE497AAAF1240343
:1024C000F1EE10FA22937FF4F0AC5AED087AF4EEB4
:1024D000697AAAF12003F1EE10FA239340F04383C6
:1024E0005AED077AF4EE4A7AAAF11C03F1EE10FADB
:1024F00025937FF4E0AC5AED067AF4EE4B7AAAF11C
:102500001803F1EE10FA269340F0AB845AED057AE9
:10251000F4EE6A7AAAF11403F1EE10FA249300F0B3
:10252000A884AAF110032093CEE49D4BD3E90001C7
:102530001E4676E90223FDF741FE4645C6E9000145
:10254000F7D19FED957BDFF868928DED0A7B4FF018
:10255000000849E49FED907B8DED147B2AE4002672
:10256000002752E48F4BD5ED387A93ED007A1B9318
:10257000B4EEE77AF1EE10FA18D594F8172E003A77
:1025800018BF0122D30583F400032A9393002893F4
:10259000D30108922993D0E4002384F80537A6E4F8
:1025A0001C9B002B3FF490ABFFF762BB4FF4000382
:1025B0002A931E9B0893CDE928331A46BDE4C3F540
:1025C0008073180600F1D482DBB25A4252B21F92D5
:1025D000FFF71BBBC3F580731D069DF9CF201F922B
:1025E0005ABF5B425BB26FF07E03002A27939DF8CF
:1025F000CF30BFF60AABE2E7C3F580731E065ABFC1
:102600005B425BB26FF07E031093FFF7EDBAC3F548
:1026100080731F065ABF5B425BB26FF07E030E935E
:10262000FFF7D9BA3146C8F1110207EB08000CF0E8
:1026300074F8B8F1000F40F0A1829DF82431002B0E
:102640003FF40EAF002384F8A636C4F8A836C4F8C9
:10265000AC36C4F8B036C4F8B436012384F8B836C2
:102660001A9B9AED00BAD3ED008A169BD3ED00AA0F
:10267000179B93ED00AA189BD3ED009A199B93ED3D
:10268000009AF0EE68CAB0EE49DAF0EE69DAB0EE20
:102690004AEAF0EE6AEAB0EE4BCA1D9B219AD3EDEE
:1026A00000BA002A00F05481DFED3F7A7BEEA7BA32
:1026B000C3ED00BA002384F8EC3D95F8FB301C9381
:1026C0001C9B84F8163E229B8AED00BAC3ED00EAFB
:1026D000239B8BED00CA83ED00EA259BC3ED00DA56
:1026E000269B83ED00DA249BC3ED00CA209B83ED7B
:1026F000008A169BC3ED00AA179B83ED00AA189BC6
:10270000C3ED009A199B83ED009A1A9BC3ED008AD2
:102710001B9B93ED008A1E9B002B00F00F81DFEDC9
:10272000227A78EE277A00231B9A84F8ED3DBDF8D3
:10273000BE30C2ED007A1BB195F8FA3084F8173E2E
:102740000A9A129B92ED008A149A84F8153E9342DD
:1027500040F29781DFED147A95F8FC3084F8183E4A
:1027600078EE277A002384F8EE3D0A9BD5E9020132
:10277000C3ED007ADDE90823FEF75CF918B195EDA9
:102780000E7B8DED087B9DED087B0BED027B67B02A
:10279000BDEC0E8BBDE8F08F0000000000000000D3
:1027A000E01D0020101E0020000000003F1E002041
:1027B0000000F03F0000003595F908211F998A427A
:1027C000C0F2A48195F907218A42C8BFA1EB020893
:1027D0002A8A0D99C6BF08F307085FFA88F84FF0F8
:1027E0000008114200F09C8195F90231279A93422A
:1027F00004DB95F90131934240F32F83D31A03F39D
:1028000007035AB208EE902AF8EEE88ADBB295F890
:10281000032112FB03F252B20E9295F8042112FB2F
:1028200003F35BB209EE103AF0EE68AA95F80931AD
:1028300095ED280A13FB08F35BB207EE903AF8EE29
:10284000E77AB8EEC99A27EE800A0BF059FC95F8A2
:102850000A3195ED297A13FB08F35BB207EE903A43
:10286000B0EE40AAB8EEE70ABDEECAAA20EE070A0B
:102870000BF046FCD5ED2A7AF0EE409A28EEA70A36
:102880000BF03EFCDDED0E7A95ED2B7AF8EEE77A53
:10289000F0EE408A27EE870A0BF032FCFDEEE99A53
:1028A0001AEE102A002362F30703FDEEE88A19EE00
:1028B000902AF0EE407AFDEEE77A62F30F2318EEED
:1028C000902A95ED2C0A62F3174317EE902A2AEE10
:1028D000800A62F31F6331930BF012FCF0EE407A32
:1028E000FDEEE77A95ED2D0A17EE903A29EE000AF3
:1028F0008DF8C8300BF004FCFDEEC07ACDED0E7AF9
:102900009DF938308DF8C930089B002B3FF448AC56
:1029100094F8193E002B3FF474ACB5F8F82000236E
:1029200062F30F0362F31F43C4F8E03DC4F8E43DD3
:10293000C4F8E83D002384F8193E62E4D5E91E019D
:10294000FEF7D4F807EE900A012377EE887AEBE6DB
:10295000D5E91C01FEF7CAF807EE900A1D9B77EE39
:10296000AB7AC3ED007A012384F8EC3DA8E694F835
:10297000B776B4F9A836B4F9AAC6B4F9AC06B4F976
:10298000AE16B4F9B026B4F9B26694F8B8E6002FE2
:102990003FF466AEBEF1000F3FF462AE07EE906A00
:1029A000F8EEE75A07EE903A169B9AED00CAD3ED7F
:1029B00000EA179B93ED00EA189BD3ED00DA199B10
:1029C00093ED00DA1A9BD3ED00CAB5F9F63008EEA4
:1029D000903AB5F9EC300BEE103AB5F9EE30B8EEAE
:1029E000E76A0AEE903A07EE90CAB5F9F030F8EED1
:1029F000E76A0AEE103A07EE900AB5F9F230B8EE3F
:102A0000E77A09EE903A07EE901AB5F9F430F8EE4D
:102A1000E74A09EE103A07EE902AF8EEE88AB8EE97
:102A2000E75AB8EECBBA5FED9D7AF8EEEAAAB8EEB7
:102A3000CAAAF8EEE99AB8EEC99A68EEA78A2BEE10
:102A400027BA6AEEA7AA2AEE27AA69EEA79A29EE64
:102A5000279A68EEA58A2BEE06BA6AEEA6AA2AEE97
:102A600007AA69EEA49A29EE059A16E6D5E90801A7
:102A700032463B46FDF7A2FBCDE9080102460B4674
:102A80001CE4D5E92001FEF731F807EE900A012396
:102A900077EE887A67E6002BE8D1D5E90A01E7E707
:102AA00000270E973E463B46FFF70FBB95F90D31C9
:102AB00093421FDDA2EB030909F307094FFA89F9D5
:102AC000FFF76CBA95F90B31934219DDA2EB0308BD
:102AD00008F307084FFA88F8FFF74FBA94F9EE3D6C
:102AE000012B8F4B51D00A93FFF73CBA00200021F5
:102AF000FFF7A9B94FF0000900220023FFF754BAED
:102B00004FF0000800260027FFF73DBA8A1A02F3AB
:102B100007020D995FFA82F82A8A11427FF464AEA7
:102B200095F8052107EE907A12FB06F252B2F8EE04
:102B3000E78A07EE902A95F8062112FB03F35BB2B1
:102B4000F8EEE7AA09EE103A70E61A461D93D5F89A
:102B5000B8301360FFF78CB81A461B93D5F8DC30F9
:102B60001360FFF7E2B9AAF11C032593FFF7A3B99D
:102B70006FF07E027F231F92FFF747B808F1FF3600
:102B80003246002E3FF448AC42E41A460A93D5F888
:102B9000E4301360FFF7E6B94FF6FE72394644A8F9
:102BA0000BF031FE4FF6FE7636E40E97CDF84080FE
:102BB00004260DE012F89C7C12F89D8CFEF708FFAD
:102BC0009DF8E63033449EB2052EADF8C26013D8AE
:102BD00039A8FEF7FDFE06F5CC730DEB03029DF858
:102BE000E630013B3344B34239A8E3DA9DF8FD7087
:102BF0009DF8FC8039A8E1E71F97CDF89C80062658
:102C00000BE012F89C7C12F89D8CFEF7E1FE9DF81B
:102C1000F33033449EB2072E13D83CA8FEF7D8FEFB
:102C200006F5CC730DEB03029DF8F330013B334402
:102C3000B3423CA8E5DA9DF8FD709DF8FC803CA805
:102C4000E3E7CDE92C7808260BE012F89C7C12F81B
:102C50009D8CFEF7BDFE9DF8F43033449EB2092EE4
:102C600013D83CA8FEF7B4FE06F5CC730DEB0302B7
:102C70009DF8F430013B3344B3423CA8E5DA9DF8BB
:102C8000FD709DF8FC803CA8E3E7CDE92A780A278F
:102C90000BE012F89C8C12F89D6CFEF799FE9DF8E3
:102CA000F5303B449FB20B2F13D83CA8FEF790FEA3
:102CB00007F5CC730DEB03029DF8F530013B3B4467
:102CC000BB423CA8E5DA9DF8FD809DF8FC603CA87D
:102CD000E3E7CDF8A4804FF00C080DE012F89C7CDF
:102CE00012F89D9CFEF774FE9DF8F63043441FFADF
:102CF00083F8B8F10D0F17D83CA8FEF769FE08F568
:102D0000CC730DEB03029DF8F630013B4344434581
:102D10003CA8E3DA9DF8FD709DF8FC903CA8E1E743
:102D2000141E002000000000CDF8A09039A8FEF786
:102D30004FFE9DF8EB3003F10D010E3399424FF039
:102D4000000202D80D2918BF0D2202F5CC730DEB3D
:102D5000030239A812F89C3C8DF8BA30FEF738FE11
:102D60009DF8EB300E330E2BADF8C230DED039A813
:102D7000FEF72EFE9DF8EC3003F10E010F33994261
:102D80004FF0000202D80E2918BF0E2202F5CC73B4
:102D90000DEB030239A812F89C9CFEF719FE9DF872
:102DA000EC300F330F2BADF8C230E0D039A8FEF76E
:102DB0000FFE9DF8ED3003F10F01103399424FF0F3
:102DC000000202D80F2918BF0F2202F5CC730DEBB9
:102DD000030239A812F89C8CFEF7FAFD9DF8ED303D
:102DE0001033102BADF8C230E0D00E9A109B1F9913
:102DF00084F8B59643EA0223279A84F8B68642EA15
:102E0000012CDDE92C1242EA0120DDE92A1242EA16
:102E10000121299A46EA0222289E46EA07270D9EAA
:102E200084F8A6663EB29DF8BA7084F8B4761BB2F8
:102E30000FFA8CFC00B209B212B20127A4F8A8362E
:102E4000A4F8AAC6A4F8AC06A4F8AE16A4F8B02656
:102E5000A4F8B266A4F8B776A0E55FED4E8A002329
:102E6000D5E4AAF114032493AAF110032093FFF7E9
:102E70002BB85AED047AF4EE487AAAF11003F1EE79
:102E800010FA20933FF444A8FFF71EB89DF82431B0
:102E9000002B7FF4D7ABFFF7DEBA00BF00000000C5
:102EA0002DE9F043D64CD74E04F6A459D6F8C030DD
:102EB000C9F8003004F6A85904F6BC52C9F800302D
:102EC00004F6AC59D6F8B810C9F8003004F55B69BF
:102ED0001160C9F8003004F6B45904F55A61C9F814
:102EE000003004F6B85996ED317AD6ED327A0B609F
:102EF000C9F8003004F6C85383ED007A04F6CC53C9
:102F0000C3ED007A04F55D63D6F8CC80C3F8008089
:102F100004F6D453D6F8D0E0C3F800E004F6D85352
:102F2000D6F8D4C0B57EC3F800C096F8FE00D6F837
:102F3000D87004F6DC53002265F307021F6060F3CB
:102F40000F2204F55C6396F8FF00D6F8DC501D6094
:102F500060F3174240F2022396F80001A4F8EC3D1A
:102F600004F6C45360F31F624FF00208D6F8E40081
:102F7000186084F8EE8DC4F8152ED6E9222306F5E4
:102F80008C7541E902230FCDC4F80E3E2B88C4F89E
:102F9000020EADB0C4F8061EC4F80A2E96F817113A
:102FA000A4F8123E1322AB7884F8143E04F6EF50D6
:102FB0000BF0B3FB944B0FCB0DF1140C8CE80F000E
:102FC00046F2B312002501276146104684F8FC56EC
:102FD000C4F80077FEF722FBB6F8F8108B4AC4F865
:102FE00008072B4661F30F0361F31F4307CAC4F8B8
:102FF000E03DC4F8E43DC4F8E83D02AB83E80700D7
:1030000019462A4646F2B210A4F8047784F8EC5622
:10301000C4F8F076FEF702FB04F5DD630C937C4BFD
:103020000D9303F5A2330E934FF48073ADF83C304B
:103030000423009519463A46C4F8F806A4F8F47635
:1030400084F8BC56C4F8C076C4F8C656C4F8CA564C
:10305000C4F8CE56A4F8D25684F8D456A4F8C47650
:1030600084F8D85684F8E056C4F8DC7609A88DF8C0
:103070002A500997ADF82870FDF772FEC4F8E406EF
:10308000FDF7E0FED4F8E4063946FDF767FE9FED54
:10309000587B04F5D06383ED007B84ED0E7B9FEDC0
:1030A000567B4FF4C762294604F1400003ED027BD2
:1030B000C4E90B7784F8E0762570676027810BF010
:1030C0002CFB544B099309A884F84C5784F85457A7
:1030D000C4F85077ADF82850FEF72EFC2946C4F806
:1030E0005807FEF7A7FAD4F858074146FEF754FBF5
:1030F000D4F858371B689A6802F00702062A40F095
:10310000E5800123444A84F85437002509A8C4F80F
:103110004037099284F83C5784F84457ADF828505A
:10312000FEF70AFC2946C4F84807FEF783FAD4F8EC
:1031300048070221FEF730FBD4F848371B689A682D
:1031400002F00702062A40F010810123334A84F876
:103150004437002509A8C4F82037099284F81C5781
:1031600084F82457ADF82850FEF7E6FB2946C4F84A
:103170002807FEF75FFAD4F828070221FEF78CFB38
:10318000D4F828070221FEF7C7FBD4F828371B68BC
:103190009A6802F00702062A40F0BF800123204A05
:1031A00084F82437002509A8C4F81037099284F858
:1031B0000C5784F81457ADF82850FEF7BDFB29468C
:1031C000C4F81807FEF736FAD4F818070221FEF7FC
:1031D000E3FAD4F818070221FEF71EFBD4F81837DB
:1031E0001B689A6802F00702062A40F0AA8019E0DC
:1031F0000000000000000000000000000000F03FA0
:10320000501000200000002080F4000890F4000816
:103210000020014000480140001C00400004004024
:103220000008004001234FF08042002509A884F8DF
:103230001437C4F83037099284F82C5784F834577F
:10324000ADF82850FEF778FB2946C4F83807FEF79A
:10325000F1F9D4F838070221FEF79EFAD4F83807BE
:103260000221FEF7D9FAD4F838070221FEF714FB41
:10327000D4F838070221FEF74FFBD4F838371B6823
:103280009A6802F00702062A33D14E4A0023012130
:10329000D36084F83417C4F8923684F88836C2F8BC
:1032A0000F3093605360C4F88C1684F8A636C4F8C7
:1032B000A836C4F8AC36C4F8B036C4F8B43684F8CE
:1032C000B836A4F890162DB0BDE8F0831A685607FA
:1032D0005FD41A6842F004021A605A693A435A618C
:1032E0001A6822F004021A601A6842F001021A6099
:1032F00007E71A68520751D41A6842F004021A60AC
:103300005A6942F001025A611A6822F004021A60F6
:103310001A6842F001021A60B7E71A68500747D4EA
:103320001A6842F004021A605A6942F001025A61B6
:103330001A6822F004021A601A6842F001021A6048
:103340002CE71A6851072ED41A6842F004021A605A
:103350005A6942F001025A611A6822F004021A60A6
:103360001A6842F001021A605CE71A68550724D413
:103370001A6842F004021A605A6942F001025A6166
:103380001A6822F004021A601A6842F001021A60F8
:10339000DBE65A6942F001025A61A5E75A6942F038
:1033A00001025A61B4E75A6942F001025A61D7E753
:1033B0005A6942F001025A61BEE75A6942F00102BD
:1033C0005A61E1E7E216002010B5874C94F8EC361C
:1033D0003BB9D4F8F0360122934284F8EC2600F091
:1033E0009A8094F8BC3613B9012384F8BC3694F85B
:1033F000D8363BB9D4F8DC2601239A4284F8D83673
:1034000000F0938023782BB96368012293422270E5
:1034100000F0968094F8FC363BB9D4F800370122CE
:10342000934284F8FC2600F0948094F84C1739B944
:10343000D4F850370122934284F84C2700F093804F
:1034400094F83C1739B9D4F840370122934284F8F4
:103450003C2700F09C8094F81C1739B9D4F8203729
:103460000122934284F81C2700F0A58094F80C17E1
:1034700031B9D4F810370122934284F80C2732D0A6
:1034800094F82C1731B194F8883613B9012384F8D5
:10349000883610BDD4F830370122934284F82C27A7
:1034A000F1D194F83437002BEDD0D4F83807026806
:1034B000136823F001031360FEF716F9D4F83807F8
:1034C0000221FEF789F9D4F838070221FEF7C4F982
:1034D000D4F838070221FEF7FFF9D4F838070221A3
:1034E000FEF722FACFE794F81437002BC8D0D4F8AF
:1034F00018070268136823F001031360FEF7F4F85D
:10350000D4F818070221FEF767F9D4F8180702214A
:10351000FEF7A2F9B4E794F8F436002B3FF461AF5C
:10352000D4F8F806FEF784F85BE794F8E036002B51
:103530003FF468AFD4F8E4060421FDF7FDFC61E731
:10354000237A002B3FF466AF4FF0FF33C4E90B330F
:1035500060E794F80437002B3FF467AFD4F808070E
:10356000FEF766F861E794F85437002B3FF468AF34
:10357000D4F858070268136823F001031360FEF7BC
:10358000B3F8D4F858070221FEF726F958E794F863
:103590004437002B3FF45FAFD4F848070268136844
:1035A00023F001031360FEF79FF8D4F848070221C7
:1035B000FEF712F94FE794F82437002B3FF456AF8B
:1035C000D4F828070268136823F001031360FEF79C
:1035D0008BF8D4F828070221FEF77EF9D4F82807E3
:1035E0000221FEF7A1F941E75010002010B5094C67
:1035F00023785A1C227023B1074A237001211160DD
:1036000010BD62B6FEF794FA72B62378013BDBB2C6
:10361000237010BD721E0020741E002070B5224E53
:10362000224C00233370237002F084FC00F02CF94C
:1036300000F05AF800F018FE00F0E8FD00F06CFD14
:1036400000F048FB62B600F007FF72B600F0DAFB4C
:1036500000F090FA00F086F900F044FD00F02CFA3A
:1036600000F06AFC00F0D4FCFFF71AFC72B69FED84
:10367000100A00F05FF80123237062B662B601E021
:1036800033784BB9237803F0FF05002BF8D1FFF70F
:103690009BFE72B6284670BD4FF0E022136923F0FE
:1036A00001031361EEE700BF711E0020701E0020B1
:1036B0006F12833A08B5014605231322034803F02D
:1036C000B3F8B0FA80F0400908BD00BF881E0020A2
:1036D00038B5054602F054FC044602F051FC001BCC
:1036E000A842FAD338BD00BF704700BF08B5BFF38A
:1036F0004F8FBFF36F8F094A0949136809688B42DE
:1037000006D30123136072B6FFF770FF62B608BDDF
:10371000591C1160002BF6D008BD00BF7C1E002094
:10372000781E0020024A536843F08053536070476C
:1037300000ED00E0264BD3ED007AF8EE677A30B466
:1037400067EE807AFCEEE77A17EE903AB3F1807F6D
:103750001FD3F8EE676A9FED1F7A1F49C6EE877A7E
:10376000FCEEE77A17EE902A0132B3FBF2F3013B4D
:10377000B3F1807F0A601ED3184B194C19491A48BF
:103780000860F02200252560DA7783F8222030BC1B
:1037900070471149013B0022B3F1807F0A60EBD2F0
:1037A0004FF0E0210D484B61F024072380F82340BF
:1037B0008A610B61E0E74FF0E02208485361F02492
:1037C0000021072380F8234091611361D4E700BFF3
:1037D0003C010020FFFF7F4B781E002000ED00E041
:1037E0007C1E0020801E0020ED360008EFF30080D4
:1037F00001B5EFF3118003B41EF0100F08BFB0EE57
:10380000400A0A48006803B488B004A006904FF04C
:10381000807007906FF006008646704703BC8047B3
:10382000BFF36F8F00DFFEE700BF0000801E0020A7
:103830001EF0100F08BFB0EE400A1EF0040F0CBFC0
:10384000EFF30880EFF30980816911F8020C10B1E1
:1038500001280DD00BE01EF0100F0CBF1AB008B0FD
:1038600003BC80F3118803BC80F300880847FEE79F
:103870004EF61451CEF200010A6842F001020A60CD
:103880007047F4E700BF00BF314A136823F00F030D
:1038900043F0050310B51360136803F00F03052B05
:1038A000FAD12C4A2C4B116841F440411160116847
:1038B00021F4803111601A6822F0F80242F080028F
:1038C0001A601A6842F001021A601A689207FCD561
:1038D00058682249204A014041F4285141F008012A
:1038E0005960596821F440315960196841F080717C
:1038F000196013689B01FCD59368174C23F0F00303
:103900009360936823F4E05343F4A0539360936867
:1039100023F4604343F420439360936823F003034C
:1039200043F002039360A36803F00C03082BFAD161
:103930000B4801F0F7FF0F2001F0C6F808B172B68E
:10394000FEE7D4F88C3023F08073C4F88C3010BDBF
:10395000003C024000700040003802400080BFFF81
:10396000007A030AF0B5002497B0CDE90244CDE90E
:103970000B44CDE90D44CDE90644CDE90844CDE939
:103980001244CDE91444454B04940F945A6C4448B6
:10399000444D42F480725A645A6C02F4807201926F
:1039A000019A1A6B42F001021A631B6B03F00103C8
:1039B0000093009B10A901220323CDE9102301F0FD
:1039C000C3F8394B1A6922F060621A611A6922F051
:1039D000C0021A611A6922F440321A611A6922F48B
:1039E00090721A611A6922F400721A611A6942F41B
:1039F00080621A611A6922F4C05242F400621A61AC
:103A00001A6922F4C04242F400521A615A6A22F042
:103A100004025A6202A9002600272846CDE902675F
:103A2000049402F0E1FA0BA94FF4807328460F9337
:103A3000CDE90B44CDE90D4402F0F2FAAB681B4826
:103A400023F48063AB6006A9CDE9066702F09EFA15
:103A50004FF4407393FAA3F34FF40072B3FA83F375
:103A6000DA40134850F8221021F01F0140F82210CC
:103A70004FF0007393FAA3F2B2FA82F22038D340E7
:103A80004FF0F87150F8232091FAA1F491FAA1F1C6
:103A900042F0070240F8232017B0F0BD0038024082
:103AA0000000024000200140006402400023014069
:103AB0002C2001400000000030B5202291B00DEB19
:103AC000020000210AF029FE274D284C002306930E
:103AD0002B6B43F020032B632B6B03F0200301932C
:103AE000032002210423CDE90201019A079302A9D0
:103AF000032201231E48CDE9042301F025F82B6C95
:103B000043F480032B642B6C03F480030093009B2D
:103B1000E36823F00103E360236823F0400323609C
:103B200023689FED0F7B23F0800323600022002396
:103B3000CDE90A23CDE90C2308A94FF480624FF4A4
:103B400080432046CDE90E238DED087B02F092FAEA
:103B5000E36823F0FE03E36011B030BDAFF30080F3
:103B600000000000A086010000380240005800401C
:103B7000001402402DE9F043002597B04FF02008D3
:103B8000424629460EA8ADF81E50CDF80E50CDF88D
:103B90001250CDF81650CDF81A500AF0BEFDCDE9FE
:103BA0000855CDE90A55CDE90C55474E336C43F025
:103BB00001033364336C03F001030293029B01247D
:103BC00042F20F7303A94FF08040ADF80C4005930B
:103BD00002F056FC21464FF080446022236823F017
:103BE00080032360A36943F00803A3612046CDE965
:103BF0000E250EAACDE91055129502F0A3FCA3697B
:103C000023F00403A361A36943F40063A3610EAA34
:103C10001021204602F096FCA36923F48063A3617F
:103C2000E36943F00803E3610EAA4FF48071204674
:103C300002F088FCE36923F00403E361E36943F4E1
:103C400000630EAAE3614FF48051204602F07AFC33
:103C5000E3691E4823F48063E361636823F0700323
:103C60006360A36823F08003A360336B43F0010318
:103C70003363336B03F001030193019B336B022722
:103C80003B433363336BCDF820803B4000934FF0D0
:103C900000084FF0010908A9009B0B95CDE90975B3
:103CA000CDE90C8900F050FF40F6084308A9084808
:103CB0000997CDE90C89CDE90A55089300F044FF36
:103CC00017B0BDE8F08300BF00380240000002409A
:103CD000000402402DE9F041002498B02146202242
:103CE00010A8CDE90444CDE9064408940AF015FD76
:103CF000CDE90C443F4D0E942B6C3F4E3F4843F0B2
:103D000002032B642B6C03F002030393039B2B6BC6
:103D100043F002032B632B6B03F002030293302268
:103D2000029B4FF002080AA90223CDE90A23CDF82D
:103D30003C8000F009FF292304A9ADF8103030467B
:103D400049F63F4306930594079402F099FB3368C4
:103D50004FF0804723F080033360D7F81C34602293
:103D600043F00803C7F81C344FF48071CDE91024E8
:103D7000304610AACDE91244149402F0E3FBD7F8C0
:103D80001C3423F00403C7F81C34D7F81C3443F464
:103D9000006310AAC7F81C344FF48051304602F07B
:103DA000D1FBD7F81C34164823F48063C7F81C34C1
:103DB000736823F070037360B36823F08003B3600B
:103DC0002B6B43F004032B632B6BCDF82C8003F09B
:103DD000040301934FF44073019A0A9300220223D3
:103DE0000AA9CDE90E23CDE90C4400F0ADFE18B0D0
:103DF000BDE8F081003802400004004000040240A9
:103E0000000802402DE9F043002499B02146202209
:103E100010A8CDE90444CDE9064408940AF07DFCDD
:103E2000CDE90C44404D0E942B6CDFF804913F4ECD
:103E300043F004032B642B6C03F004030393039BF4
:103E40002B6B43F008032B632B6B03F008030293E7
:103E50004FF44042029B4FF002080AA90223484651
:103E6000CDE90A23CDF83C8000F06EFE292304A999
:103E7000ADF81030304649F63F4306930594079459
:103E800002F0FEFA33684FF0804723F0800333607E
:103E9000D7F81838602243F00803C7F81838012112
:103EA000CDE91024304610AACDE91244149402F052
:103EB00049FBD7F8183823F00403C7F81838D7F8A7
:103EC000183843F4006310AAC7F818381021304698
:103ED00002F038FBD7F8183823F48063C7F8183895
:103EE000736823F070037360B36823F08003B360DA
:103EF0002B6B43F008032B632B6BCDF82C8003F066
:103F0000080301934FF44053019A0A9300220223BD
:103F10000AA94846CDE90C44CDE90E2300F014FE71
:103F200019B0BDE8F08300BF00380240000800402F
:103F3000000C02400000000070B5002496B0202262
:103F400021460EA8ADF81E40CDF80E40CDF8124027
:103F5000CDF81640CDF81A400AF0DFFBCDE9084451
:103F6000CDE90A44CDE90C44254D264E6B6C43F453
:103F700080236B646B6C03F480230293029B2923E0
:103F8000ADF80C3003A949F63F433046059302F0E3
:103F900077FA336823F080033360B369602143F01C
:103FA0000803B3610EAACDE90E1430460121CDE914
:103FB0001044129402F0C6FAB369134823F00403C4
:103FC000B3612B6B43F020032B632B6B0B949FEDA2
:103FD0000A7B03F02003019308A9022380220892A0
:103FE0008DED0C7BCDE90934019A00F0ADFD16B0E2
:103FF00070BD00BFAFF300800000000003000000B0
:104000000038024000480140001402400000000057
:1040100070B5002496B0202221460EA8ADF81E40AF
:10402000CDF80E40CDF81240CDF81640CDF81A402C
:104030000AF073FBCDE90844CDE90A44CDE90C440C
:10404000254D264E2B6C43F080032B642B6C03F024
:1040500080030293029B2923ADF80C3003A949F693
:104060003F433046059302F00BFA336823F0800398
:104070003360B369602143F00803B3610EAACDE950
:104080000E1430460121CDE91044129402F05AFA80
:10409000B369134823F00403B3612B6B43F020038F
:1040A0002B632B6B0B949FED0A7B03F02003019392
:1040B00008A902234FF4807208928DED0C7BCDE9A4
:1040C0000934019A00F040FD16B070BDAFF30080D6
:1040D000000000000900000000380240001C004001
:1040E0000014024010B50A480A4C00234FF4E13195
:1040F0000422C0E90041C0E90233C0E90432C0E94A
:10410000063302F0FFFA08B172B6FEE710BD00BF39
:10411000881E00200044004070B5002490B0CDE916
:104120000844CDE90A44CDE90C44CDE90544334BBC
:104130000E941A6C42F480221A641A6C02F48022E3
:104140000192019A1A6B42F008021A631B6B4FF43A
:10415000407003F008030221CDE90201009303221D
:10416000072302A92648009D0492079300F0ECFC67
:10417000244B254D9A6A22F0606242F000629A62F6
:104180009A6A22F0C0029A629A6A22F440329A62D3
:104190009A6A22F490729A629A6A22F400729A627F
:1041A0009A6A42F480629A629A6A22F4C0529A62CF
:1041B0009A6A22F4C0429A62DA6B22F00402DA634D
:1041C0004FF4E1360C22002308A92846CDE90C2340
:1041D000CDE90864CDE90A440E9402F0DFFB2B69B7
:1041E00023F490432B616B6923F02A036B61EB6826
:1041F00043F40053EB6010B070BD00BF00380240C4
:10420000000C02400060024000480040134B144A7A
:10421000196B30B441F400111963196B114C82B061
:1042200001F4001101910199196B41F480011963A6
:104230001B6B03F48003009300204FF48051009B1C
:10424000E56882F80C031160E16882F838034FF0EA
:104250008073536002B030BC704700BF003802402A
:1042600000E100E000ED00E02DE9F043002491B012
:10427000CDE90844CDE90C44CDE90E446A4B6B48C6
:104280001A6B6B4DDFF8B481DFF8B49142F0100285
:104290001A631A6B02F010020792079A1A6B42F027
:1042A00004021A631A6B02F004020692069A1A6B51
:1042B00042F020021A631A6B02F020020592059A5E
:1042C0001A6B42F080021A631A6B02F080020492A9
:1042D000049A1A6B42F001021A631A6B02F001028F
:1042E0000392039A1A6B42F002021A631A6B02F0ED
:1042F00002020292029A1A6B42F008021A631A6BC7
:1043000002F008020192019A1A6B42F040021A630D
:104310001B6B03F0400300934FF4F803009A836192
:104320004FF48003AB614FF02073C8F818300126BA
:104330007C230AA9CDE90A36022700F005FC4FF4D8
:104340008043CDE90A370AA9092340460F93CDE9F6
:104350000C440E9400F0F8FB40230AA928460A9367
:10436000CDE90B64CDE90D4400F0EEFB80230AA9F2
:1043700028460A930B940E9400F0E6FB4FF4E853A2
:104380000A930AA90A23032548460F93CDE90D4451
:104390000B970C9500F0D8FB4FF400730AA9484620
:1043A0000A930B940E9400F0CFFB0AA94FF42073EC
:1043B00040460A93CDE90B64CDE90D4400F0C4FBFF
:1043C0001C49F0224B6992FAA2F2B2FA82F29740AB
:1043D00023F0F0033B434B614FF4005408A80894CA
:1043E000ADF824608DF8266001F0A2FA124AD16877
:1043F00094FAA4F3B3FA83F3B34005FA03F321EA82
:10440000030394FAA4F1D360116894FAA4F3B3FA05
:1044100083F3B3409D4021EA050194FAA4F41160AE
:1044200011B0BDE8F08300BF003802400010024028
:104430000018024000380140000802400004024019
:1044400000000240034B02689A4200D0704701F01E
:104450008BBD00BF000C004070B5194C194E1A4DB1
:104460001A4B336084B06FF07F4223602A6002F001
:10447000B3FB174A2B681360164B20681649186067
:10448000366816480E60164C0290164801900020BF
:104490000090204602F0DAFE204602F071FF94F808
:1044A00031305B07204608D502F070FF0E490C48FA
:1044B00004B0BDE8704002F0ABBF02F08DFFF5E73D
:1044C000CC1E0020D41E0020D01E0020C0A8020355
:1044D000DC1E0020D81E0020E01E0020B96A000863
:1044E000E41E0020054800083949000808B50348C3
:1044F00000F006F9BDE8084007F0FAB9E41E002014
:104500002DE9F04F2D4BDE6A83B0B3688B4600294E
:1045100051D00025A84640F2F4593268002A1FDB2A
:10452000BBF80A2057194F4540D9002402E04F45F7
:10453000B36825D9DBF80410A9EB050A5819214402
:1045400052460AF060F9F668336804F2F454002B1E
:10455000A4EB0504A7F2F457D0444FF00005E6DAC7
:104560006FF00700154B1B6803F580535A699206DC
:1045700003D52021002259615A6003B0BDE8F08FB5
:1045800018463D46DBF80410019321443A460AF0F0
:104590003AF9DBF800B0019BB844BBF1000FBCD185
:1045A0000648414600F094FE0020DBE7581900243D
:1045B0003D461746E6E78846F2E700BF1C1F00208D
:1045C000F0B54A4B02688FB000249A42CDE9084406
:1045D000CDE90A440C9401D00FB0F0BDA3F590438F
:1045E00001941A6B424842F000721A631A6B02F08F
:1045F00000720192019A02941A6B42F080621A636F
:104600001A6B02F080620292029A03941A6B42F0D3
:1046100000621A631A6B02F000620392039A049418
:104620001A6B42F004021A631A6B02F0040204923D
:10463000049A05941A6B42F001021A631A6B02F095
:1046400001020592059A06941A6B42F002021A635F
:104650001A6B02F002020692069A07941A6B42F055
:1046600040021A631B6B03F04003322203260B2522
:10467000079308A90223CDE908230227079BCDE968
:104680000B6501F0F5F9862308A91A480C95CDE9C8
:104690000837CDE90A4601F0EBF942F2011308A907
:1046A00015480893CDE90974CDE90B6501F0E0F9EF
:1046B0004FF4205308A911480893CDE90A460997F9
:1046C0000C9501F0D5F9224621463D2001F0E8FB8A
:1046D0003D2001F021FC224621463E2001F0E0FB76
:1046E0003E2001F019FC0FB0F0BD00BF0080024079
:1046F000000802400000024000040240001802408E
:104700002DE9F04FDFF8F8A083B00346504601933F
:1047100000F05AFE28BBBAF83C10DAF8404039BB2A
:1047200000230093DAF83800DAF83030002138B18D
:104730001A68013142F000421A608842DB68F7D102
:10474000DAF8003003F5805300225969CAF838209E
:10475000090609D4009820B101990B6998470028EF
:1047600048D103B0BDE8F08F802159619A60F1E72C
:104770004FF4C172054602F0B5FF00900028CFD07B
:10478000834640F2F459BBF80A20DAF83070561923
:104790004E45A04628D90024DBF8040008EB0501AB
:1047A000A9EB050220440AF02EF8A6F2F456FF68A1
:1047B00004F2F4544E45A4EB0504D7F808804FF0FA
:1047C0000005E9D841463546DBF80400324620446E
:1047D0000AF019F8DBF800B0BBF1000FA2D0BBF86B
:1047E0000A2056194E45D6D808EB05010024354657
:1047F0001646E9E7009803B0BDE8F04F02F004BFA9
:104800001C1F002030B5044685B000286ED03B4DFB
:104810003B49616247F2734262863A4A2A604FF42A
:1048200080410122C5E901214FF40061E960364968
:104830003648374B029102A96061A3616961002388
:104840004FF400012846C5E9062301932B82ADF8F9
:104850000C30296200F06AFB28B994F8313043F03B
:10486000040384F831302B4A2B492448042300F0F8
:1048700081FA2A4A2A492148042300F003FB6B6984
:10488000062284F830201A7884F82A205A7884F88E
:104890002B209A7884F82C20DA7884F82D20187947
:1048A00094F8312084F82E00587984F82F0042F0D3
:1048B0000A0340F2DC5184F8313021850F4800F0C2
:1048C0007FFE01AA1D210D4800F008FE019A0B4849
:1048D00042F00B021D21019200F03AFE01AA1D21B7
:1048E000064800F0FBFD002005B030BD0D4B0E4921
:1048F0000E4840F2222209F0ABFE88E71C1F002080
:1049000018F50008008002400080E100F1CA0008AC
:1049100001450008641F0020044F002034370020A8
:10492000844F00209CF40008E0F40008F0F4000834
:1049300001F026BB704700BF30B590F8313083B02E
:104940000021054658070091019130D5244C636839
:10495000BBB14FF48052204600F0FAFD01F010FB8D
:10496000009002E0019B9A0629D401AA0121204669
:1049700000F0B4FD01F004FB009BC31AB3F57A7F8D
:10498000F0D9D4E90223520842EAD302144892B281
:10499000002100F0DDFD0021114800F0EFFE10487D
:1049A00000F00EFE2846FFF7C5FF03B030BD0C48EF
:1049B00000F074FE2846FFF7BDFF03B030BD01AA2A
:1049C0000748102100F08AFD019AC2F38003DB0240
:1049D000E36093074CBF00234FF48043A360DAE702
:1049E0001C1F0020FEE700BFFEE700BFFEE700BF80
:1049F000FEE700BFFEE700BF704700BF704700BF83
:104A0000014801F08FBC00BF04500020014800F0B5
:104A100027BD00BF1C1F002082B00C4B002100915D
:104A20005A6C42F480425A645A6C02F480420092FA
:104A3000009A01911A6C42F080521A641B6C03F0C8
:104A400080530193019B02B0704700BF00380240C1
:104A500010B51B4A016888B000239142CDE90233AA
:104A6000CDE90433069301D008B010BD02F5FA3247
:104A70000093106C40F400301064106C00F40030AF
:104A8000009000980193136B0E4843F008031363E2
:104A9000136B9FED097B03F00803019303220723A7
:104AA00002A98DED027BCDE90523019C00F0E0FF1A
:104AB00008B010BDAFF300806000000002000000ED
:104AC00000440040000C024030B5014689B000228D
:104AD000322001F0E5F9322001F01EFA0025164BD4
:104AE00002951A6C154C42F008021A641B6C03F014
:104AF000080301A903A80293029B00F097FF00F0AE
:104B000075FF0F4A0F4921604300A2FB03239B0C52
:104B100040F2E732013B2046C4E903256360A5600B
:104B200001F02EFB10B1012009B030BD204601F08C
:104B3000B7FB09B030BD00BF003802400450002070
:104B400083DE1B43000C00402DE9F0430C6894FA0F
:104B5000A4F2B2FA82F234FA02F378D04FF0010EE6
:104B60004FF0030C15E0076893FAA3F6B6FA86F641
:104B700093FAA3F3B3FA83F376000CFA06F65B001C
:104B800027EA06079D402F430760013234FA02F3FB
:104B90005DD00EFA02F32340F7D04D686E1E012E51
:104BA0001DD8876893FAA3F6B6FA86F693FAA3F8A7
:104BB00076000CFA06F627EA0609B8FA88F88E6835
:104BC0004FEA480706FA07F749EA0706866046688B
:104BD000CF6826EA030603FB07F73E434660C76833
:104BE00093FAA3F6B6FA86F693FAA3F876000CFACF
:104BF00006F627EA0606B8FA88F80F694FEA480869
:104C000007FA08F73E43022DC660ACD193FAA3F72A
:104C1000B7FA87F7072FD1F814804FEA132619DC6B
:104C2000076A93FAA3F9B9FA89F993FAA3F6B6FADF
:104C300086F6B60008FA06F64FEA89094FF00F0823
:104C400008FA09F827EA08073E4306628BE70020C6
:104C5000BDE8F083476A96FAA6F9B9FA89F996FA97
:104C6000A6F6B6FA86F6B60008FA06F84FEA8909FB
:104C70000F2606FA09F627EA060747EA08074762F9
:104C800071E700BF70B50446002961D1D0E9020385
:104C900018432168E2690D68324BB2FA82F22B4068
:104CA0005209034343EA822343F400730B6001205B
:104CB0000D68FEF70DFD236840221D6001205A603B
:104CC0005E68FEF705FD236800255E609D60DD607F
:104CD0009A694FF641710A4042F080029A610120C0
:104CE0009E69FEF7F5FC236801209E61DD61DD69A8
:104CF000FEF7EEFC22681C4BD56102F580520120C4
:104D000091690B4043F0087343F004039361956984
:104D1000FEF7DEFC2368154A03F5805301209D61F0
:104D20001A601D68FEF7D4FC2368A26903F580535E
:104D3000012A1D6005D1DA6942F4803242F0400256
:104D4000DA6162690A4B9188196412685A6470BD0D
:104D50004FF480424FF40063C0E902234FF49040C7
:104D600097E700BF0F8120FF233FDEF88020C102BC
:104D7000008002402DE9F041864690F84500012868
:104D80007CD001208EF8450002208EF84400CEF839
:104D90002C107BB3DEF81C005C1EC0B3ACB19C428F
:104DA00028BF1C46A4461546084600244FF4801729
:104DB0000646013485600760644500F1200005F275
:104DC000F455F060F4D3A34214D940F2F45000FB40
:104DD000042201EB441C4FF480100134A342CCF8B0
:104DE0000820CCF80000CCF80C1002F2F4520CF1C0
:104DF000200CF2D8DEF8003003F5805300200122A9
:104E000019618EF844208EF84500BDE8F081CCB1E0
:104E10009C4228BF1C46A046164604460D464FF449
:104E200080172F602868AE6040F44000AC46013423
:104E300045F8200B444506F2F456CCF80C50F0D35C
:104E4000A342D7D940F2F45000FB042501EB441CE7
:104E50004FF48010CCF80000DCF80020CCF80850AB
:104E6000013442F44002A342CCF80020CCF80C10EC
:104E700005F2F4550CF1200CECD8BBE70220BDE89C
:104E8000F08100BF2DE9F041864690F845000128E9
:104E900049D001208EF8450002208EF84400CEF85B
:104EA00028109BB3B3F1010C1AD09C4528BF9C4637
:104EB000E04615460C464FF0000C4FF0004744F218
:104EC000F45620460CF1010CA56027606660E045B1
:104ED00004F12004C46005F2F455F2D8634515D9F5
:104EE00040F2F45000FB0C2201EB4C144FF0004553
:104EF00044F2F4500CF1010C9C45A2602560606006
:104F0000E16002F2F45204F12004F3D3DEF8003041
:104F100003F5805300200122D9608EF844208EF8DA
:104F20004500BDE8F0810220BDE8F081002800F0D6
:104F3000BD812DE9F04790F8443082B0044603F07B
:104F4000FF02002B00F0D880AD4B00220192596C7B
:104F5000AC4A41F4804159645B6C03F48043019393
:104F6000019B5168236821F4000151605168206A57
:104F700003F58053014351601A6842F001021A6040
:104F800000F0FEFF054605E000F0FAFF401BB0F51B
:104F9000FA7F48D8236803F580521268D107F3D40A
:104FA0001D6900F01DFD984B984A0344934225F07B
:104FB0001C0580F0A68045F008052268156194F86C
:104FC0004430422B24D04221238A84F844101169B2
:104FD000DB0201F01C019BB20B4343F003034FF4CF
:104FE00000415161136100F0CBFF064604E02368E5
:104FF0001D6915F001051ED000F0C2FF801BB0F541
:10500000803FF4D30122002384F8442084F8453003
:1050100020460121FFF736FE012384F844300120A9
:1050200002B0BDE8F087032384F84430002384F8FD
:1050300045300320F4E74FF0010884F84480FF2056
:10504000FEF746FB6368002B70D000F099FF4FF02D
:1050500082090746AA4694F84430822B1ED0216864
:10506000238A84F844900A69DB0202F01C029BB296
:10507000134343F041030B6100F082FF064603E057
:1050800023681A69D2077DD500F07AFF801BB0F53E
:10509000803FF5D384F8448084F845A000F070FF89
:1050A00041F28833C01B984271D86E07D3D594F86B
:1050B0004430422BACD02268238A422184F8441029
:1050C0001169DB0201F01C019BB20B4343F00303A7
:1050D0004FF480515161136100F052FF064604E025
:1050E00023681F6917F001076BD000F049FF801B90
:1050F000B0F5803FF4D385E780F84520FFF760FAEC
:1051000022E7434B434A0344934238D9424B434A34
:1051100003449342FFF451AF414B424A034493424C
:1051200094BF45F0040545F0100546E7D4E9023286
:1051300094F844105B0843EAD20342299AB23FF440
:1051400067AF2168238A422084F8440008694A61D5
:10515000DB0200F01C009BB2034343F003030B612E
:1051600000F00EFF054603E023681B69DB0716D538
:1051700000F006FF401BB0F5803FF5D342E745F055
:105180000C051AE75D6984F84480ADB286E7012119
:105190002046FFF777FD012384F8443046E70123DA
:1051A00084F8443040F6FF70FEF792FA2046002162
:1051B000FFF768FD0123002084F8443002B0BDE809
:1051C000F0874FF0010984F8449000F0D9FE4FF0C9
:1051D000820A804694F84430822B33D02168238A97
:1051E00084F844A00A69DB0202F01C029BB213435C
:1051F00043F041030B6100F0C3FE064618E000BF18
:10520000003802400038014000D3CEFEC0E1E40087
:1052100040F1E9FD3F787D0100796CFC005A6202A3
:10522000001F0AFA7FF0FA0223681A69D00738D5FE
:1052300000F0A6FE801BB0F5803FF5D384F84490C3
:1052400084F8457000F09CFE41F28833A0EB080022
:1052500098429CD8A906BDD594F84430822B3FF4DF
:10526000D7AE2168238A822284F844200A69DB02AF
:1052700002F01C029BB2134343F4806343F001032A
:105280000B6100F07DFE054604E02268136913F00F
:1052900001030DD000F074FE431BB3F5803FF4D33F
:1052A000B0E65D6984F84490ADB2CBE70120704769
:1052B0005169C1F38002D202E2608A074FF0010017
:1052C00058BF4FF4804384F84400A3606EE700BFEA
:1052D00090F84530012B71D00123022280F845302F
:1052E00080F84420002940D0C36A1A68002A3BDBBA
:1052F00040F2F452914230B541D9314CA4FB014EF9
:105300004FEA9E2E02FB1E12002A35D00EF1010E2E
:105310002C4A01F2F45102FB0E111A6822F040529D
:105320001A601A6840F2F45442F08052C1F30C0142
:105330001A605C604FF0000C0EF1FF351A680CF13A
:10534000010C42F00042E6451A60DB6823D01A687F
:105350005C6022F0405265451A60EFD11A685960CE
:1053600042F000521A60E9E7122380F8443000232B
:1053700080F8453001207047BEF1010FC8D11A688E
:1053800042F040521A601A68C1F30C0142F0004228
:1053900059601A60DB680268C36202F580535A697B
:1053A000520703D50421002259615A6000230122CB
:1053B00080F8442080F84530184630BD0220704700
:1053C0000BB002AC0CFAFFFF90F84520012A3ED04A
:1053D0000346826A0221012030B483F8450083F835
:1053E0004410116800290BDB1168D46811F4807136
:1053F0000ED11568AD0525D5C3E90C2198639C62D3
:105400000120002283F8440083F8452030BC704717
:10541000996B014481420CBF1046186B9963116867
:10542000856808BF1A630020C1F30D415A63012249
:10543000043983F8442083F845001D649C62D963D5
:1054400030BC70479A6B9C6201329A63D8E70220A5
:10545000704700BF704700BF704700BF704700BF74
:1054600038B5036803F5805304465D6915F04005BF
:1054700025D15A69D20716D44FF480325A615B693C
:105480001B0400D438BD2046FFF7E8FF236803F56E
:1054900080534FF4004001210022586184F84410E9
:1054A00084F8452038BDFFF7D5FF236803F5805306
:1054B00001225A6184F8442084F84550DCE7FFF764
:1054C000CBFF236803F5805340200121002258615F
:1054D00084F8441084F84520CEE700BF90F84430AB
:1054E000822B33D070B504468223006884F84430A0
:1054F000238A154689010269DB0201F4F8619BB237
:1055000002F01C020B43134343F00103036100F05C
:1055100037FD064604E021680B6913F001030DD046
:1055200000F02EFD831BB3F5803FF4D3012200234E
:1055300084F8442084F84530032070BD4A69012175
:1055400092B22A6084F84410184670BD0220704759
:1055500038B590F84430422B30D0044642230068DE
:1055600084F84430238A05698901DB0201F4F8617B
:105570009BB205F01C050B432B4392B243F003038F
:105580004261036100F0FCFC054604E023681B69EE
:1055900013F001030DD000F0F3FC431BB3F5803F83
:1055A000F4D30122002384F8442084F845300320FA
:1055B00038BD012284F84420184638BD022038BD89
:1055C00090F84530012B62D030B4014686B00268B5
:1055D00002240120002381F8444081F8450004930F
:1055E00014682C4844F0080403681460126804929C
:1055F000294AA2FB03235B0A059300BF059B5A1EA1
:105600000592002BF9D10A68049C14600293146877
:10561000036844F004041460126802921E4AA2FB5C
:1056200003235B0A039300BF039B5A1E0392002BC4
:10563000F9D10A68029C146002F5805200939469C3
:105640000368154D44F480149461A5FB03539269DB
:1056500000925B0A019300BF019B5A1E0192002B2E
:10566000F9D10A68009802F580520124906190698E
:1056700040F400509061906940F00200906118463B
:1056800081F8444081F8453006B030BC70470220B4
:10569000704700BF3C010020D34D621090F84530A8
:1056A000012B64D00268014630B402F5805301201A
:1056B000022481F8444081F84500986920F40050A4
:1056C0009861986986B0002420F0020098610494E3
:1056D0001468284824F004040368146012680492D3
:1056E000254AA2FB03235B0A059300BF059B5A1EB4
:1056F0000592002BF9D10A68049C146002F58052CF
:1057000002939469036844F480149461926902924C
:10571000194AA2FB03235B0A039300BF039B5A1E93
:105720000392002BF9D10C680268029D04F58050A9
:10573000856100932368104823F008032360A0FBD1
:1057400002035B0A22680092019300BF019B5A1E6C
:105750000192002BF9D10868009C046001221846D0
:1057600081F8442081F8453006B030BC70470220F3
:10577000704700BF3C010020D34D6210F8B590F88F
:105780004530012B7FD00C4601260223026880F8A9
:105790004560054680F84430D0E90201002C64D011
:1057A000D4E900373B43A7683B43E7683B4327699D
:1057B0003B4367693B43A7693B43E7693B43276A30
:1057C0003B43676A3B43A76A3B4303430B43106871
:1057D0002E4901400B43136030461768FDF778FFF0
:1057E000D4E90B310B43616B2A680B43A16B176043
:1057F0000B43E16B0B43216C0B43616C0B43A16CBE
:105800000B43536030465768FDF762FF2A68E36C2C
:1058100057609360236DD360D4E916300343206E44
:1058200091690343606E0343A06E0343606D43EAD6
:1058300000434FF6417001400B4393613046976936
:10584000FDF746FFD4E91B212B680A439F613046D0
:10585000DA61DC69FDF73CFF2B68DC610020012385
:1058600085F8443085F84500F8BD40EA0103116829
:1058700021F490410B43136030461468FDF728FF74
:105880002B681C60EAE70220F8BD00BF0F8120FFF3
:105890001F4A936803F00C03042B10B435D0082B77
:1058A00031D151681B4C1C4B11F4800F516808BF5B
:1058B000234601F03F01B3FBF1F351685268C2F394
:1058C0000142C1F38811013201FB03F35200B3FB23
:1058D000F2F30F4A03609168104CC1F30311615C4D
:1058E0000F4CCB4043609168C1F38221615C23FA85
:1058F00001F181609268C2F34232A25C5DF8044B10
:10590000D340C3607047034BE3E7034BE1E700BFBD
:10591000003802400024F40000127A002813010825
:1059200020130108014B1860704700BF3C010020A4
:10593000027901680346CAB109B34279012A20D02D
:10594000022A29D032BB254A506820EA0100506063
:1059500010680843106000209B7933B1022B34D0CB
:10596000032B2AD0012B1FD0012070471B4B1A6834
:1059700022EA01021A605A6822EA01025A600020F3
:105980007047164A106820EA01001060506808430A
:105990005060E0E70120DFE7104A1068084310601C
:1059A000506808435060D6E70C4BDA6822EA0102DF
:1059B000DA609A680A439A607047084B9A680A430B
:1059C0009A60DA680A43DA607047044B9A6822EA00
:1059D00001029A60DA680A43DA607047003C0140CD
:1059E000014B1868704700BF3C010020044B05497B
:1059F0009B68054A0868C3F38223D35CD84070478C
:105A0000003802403C01002020130108044B0549E6
:105A10009B68054A0868C3F34233D35CD84070479B
:105A2000003802403C010020201301080E4B0F22D9
:105A300002609A6802F0030242609A6802F0F00283
:105A400082609A6802F4E052C2609B68DB0810B47E
:105A500003F4E053054C036123685DF8044B03F045
:105A60000F030B60704700BF00380240003C02404B
:105A70002DE9F04FA94A0B68904285B04FF0000223
:105A800000F0DE80DFF8A4824FF0010B8A4603E0CD
:105A90000132102A00F0A8800BFA02F101EA030695
:105AA0009943F5D1DAF8044004F0030C51000325C2
:105AB0000CF1FF378D40012F6FEA05055AD9BCF173
:105AC000030F40F0C18107680CFA01F13D40294302
:105AD00014F4403F0160DBD0914D00210391696CCB
:105AE00041F480416964696C01F480410391039938
:105AF00022F0030101F1804101F59C3102F003071E
:105B00008D68BF004FF00F0C0CFA07FC25EA0C0E55
:105B1000844DA8426BD0844DA84200F06481DFF828
:105B200010C2604500F06681DFF808C2604500F0F1
:105B30006F81DFF804C2604500F07181DFF8FCC1BD
:105B4000604500F05E81DFF8F8C1604500F06E81CD
:105B5000DFF8F0C1604500F07081DFF8ECC160450E
:105B60000CBF4FF0090C4FF00A0C0CFA07F74EEA85
:105B7000070542E0876807EA050EDAF80C708F40E7
:105B800047EA0E078760476827EA060EC4F3001746
:105B9000974047EA0E074760C76807EA050EDAF83C
:105BA00008708F4047EA0E07BCF1020FC7608AD128
:105BB0004FEAD20900EB890902F0070ED9F82070EC
:105BC0000097DAF810704FEA8E0E07FA0EF7019779
:105BD0000F2707FA0EFE009F27EA0E0E019F47EAE5
:105BE0000E07C9F820706EE705B0BDE8F08F4FF0E2
:105BF000010C0CFA07F74EEA07058D60D8F8001083
:105C0000F543E70354BF29403143C8F80010D8F8E2
:105C10000410A70354BF29403143C8F80410D8F832
:105C20000810E70254BF29403143C8F80810D8F8DB
:105C30000C10A40254BF29403143C8F80C1027E7C8
:105C4000DFF8DCB04FF0010A02E00132102ACBD0BD
:105C50000AFA02F403EA04069C43F6D14D685400A4
:105C6000032707FA04FC05F003086FEA0C0908F1A2
:105C7000FF3CBCF1010F69D9B8F1030F40F0EE8091
:105C8000D0F800C008FA04F40CEA090C44EA0C0449
:105C900015F4403F0460D8D000240394DBF844405E
:105CA00044F48044CBF84440DBF8444004F480449E
:105CB0000394039C22F0030404F1804404F59C3413
:105CC00002F0030CD4F808E00F274FEA8C0C07FA17
:105CD0000CFC2EEA0C0CC4F808C0144CEF0324682A
:105CE0006FEA060C7DD404EA0C04104F3C607C681B
:105CF000AF0374D40CEA04040C4F7C60BC68EF0260
:105D00006BD40CEA0404094FAD02BC60FC6862D499
:105D10000CEA0404054DEC6097E700BF0000024068
:105D2000003802400004024000080240003C0140EC
:105D3000000C024000100240001402400018024013
:105D4000001C02400020024000240240D0F808E07D
:105D5000CF6809EA0E0E07FA04FC4CEA0E0CC0F8F4
:105D600008C0D0F804E0C5F3001C2EEA060E0CFAB9
:105D700002FC4CEA0E0CC0F804C0D0F80CE08F68AE
:105D800009EA0E0E07FA04FC4CEA0E0CB8F1020FF9
:105D9000C0F80CC07FF474AF4FEAD20C4FEA8C0C01
:105DA0000CF1804C0CF5003C02F0070EDCF8207082
:105DB00000970F694FEA8E0E07FA0EF701970F272B
:105DC00007FA0EFE009F27EA0E0E019F47EA0E0E0D
:105DD000CCF820E054E734439CE7344393E7344362
:105DE0008AE7344381E74FF0020C0CFA07F74EEADA
:105DF000070502E74FF0030C0CFA07F74EEA070518
:105E0000FBE64FF0060C0CFA07F74EEA0705F4E63E
:105E10004FF0040C0CFA07F74EEA0705EDE64FF0D9
:105E2000050C0CFA07F74EEA0705E6E64FF0070CFB
:105E30000CFA07F74EEA0705DFE64FF0080C0CFAFC
:105E400007F74EEA0705D8E6C76807EA050EDAF84D
:105E500008708F4047EA0E07C76034E6DFF818C0C5
:105E60008F68DCF80CE0A74009EA0E0E47EA0E0E38
:105E7000CCF80CE004E700BF000002400749CA6804
:105E800003024FF6FF0003F4E0630240134343F0C4
:105E9000BF6343F40033CB60704700BF00ED00E008
:105EA0001B4BDB68C3F3022300B5C3F1070EBEF141
:105EB000040F03F1040C28BF4FF0040EBCF1060FD1
:105EC0001CD9A3F1030C4FF0FF3303FA0CF322EAC1
:105ED00003024FF0FF3303FA0EF321EA030303FA40
:105EE0000CF313431B010028DBB20ADB00F1604016
:105EF00000F5614080F800335DF804FB0022944611
:105F0000E7E7044A00F00F00024413765DF804FB53
:105F100000ED00E0FCEC00E0002807DB4109044A4A
:105F200000F01F000123834042F82130704700BF7A
:105F300000E100E008B50B4B1A6842F400721A60E9
:105F40001A6842F480621A601A6842F480721A6019
:105F50000320FFF793FF0F20FEF7B6FDFEF75CFD71
:105F6000002008BD003C0240034A044B11681B7826
:105F70000B441360704700BF4C50002030010020DC
:105F8000014B1868704700BF4C50002010B4124BF2
:105F9000124C134AA4689B68926823431343DB079F
:105FA0000BD4D1E9002363B941680E4B0B40134376
:105FB000436000205DF8044B704701205DF8044BFE
:105FC000704744681A43074B2340D1E90241134309
:105FD00023430B434360ECE70021014000200140D4
:105FE00000220140E010FCFF0246806810F0010032
:105FF00014D110B454680B6824F0407C8C68496854
:1060000023432CF4807C43EA0C03536093685DF8CF
:10601000044B23F400630B439360704701207047E7
:106020008268D3071CD410B44C6842680346CCB9CC
:1060300022F46842426098680D4A0240C8680243F0
:1060400008690968024301F070610A439A60DA6ADC
:1060500022F47002224300205DF8044BDA6270479C
:1060600001207047886822F4684202435A60E2E7E0
:10607000FDFCFFC0F0B50368044685B023F00103C2
:106080000D4668462360FFF703FCD5E90331626AD9
:10609000029822F01F020B43134363626668344B7D
:1060A00026F03F06A3FB007346EA9346D5E90112AA
:1060B000304F6660266AB9424FEA934326F03F06A6
:1060C0002ED84A00013340F6FC71B0FBF2F23343A4
:1060D0000A42236208BF0422E369696923F44F433B
:1060E00023F0FF031343E361A268EB6922F4034248
:1060F00022F0FF020B431343A36023682A6823F0B6
:106100001A03134323602368AA6943F00103236041
:10611000236823F4806300201343236005B0F0BD9F
:10612000154F4FF4967C0CFB03F3A7FB03739B09FD
:1061300001333343236252B901EB4101B0FBF1F16A
:10614000C1F30B0383B948F201000243C4E701EB3A
:10615000810101EB8101B0FBF1F0C0F30B03002BD7
:10616000F1D040F40040F0E741F40040EDE700BF1B
:1061700083DE1B43A0860100D34D6210704700BF31
:10618000002800F0868038B590F83D30044603F0D2
:10619000FF02002B78D022683F49022384F83D306B
:1061A0008A4213685CD0B2F1804F30D0A1F57C41B7
:1061B0008A422CD001F580618A4228D001F58061A5
:1061C0008A4224D001F578418A4249D033498A4233
:1061D00021D001F580618A421DD001F580618A429B
:1061E00019D0A1F598318A4215D001F580618A4213
:1061F00011D001F580618A420DD0A5696168E0681F
:1062000023F080032B431360D062916210E0A168F9
:1062100023F070030B432069A16923F44073034307
:1062200023F08003E0680B4361681360D0629162E1
:106230000123536184F8463084F83E3084F83F30BF
:1062400084F8403084F8413084F8423084F8433098
:1062500084F8443084F8453084F83D30002038BD5F
:10626000A068216923F07003034323F440730B43B8
:10627000A16923F080030B431360E368D362636872
:10628000936263691363D3E780F83C20FFF776FFDE
:1062900081E70120704700BF00000140004001403D
:1062A00090F83D30012B2FD103681849022280F865
:1062B0003D20DA688B4242F00102DA6019D0B3F176
:1062C000804F16D0124A934213D002F58062934257
:1062D0000FD002F5806293420BD002F578429342D0
:1062E00007D002F57052934203D0A2F59432934244
:1062F00004D19A6802F00702062A03D01A6842F015
:1063000001021A6000207047012070470000014020
:1063100000040040704700BF704700BF704700BFD7
:10632000704700BF03681A69910710B5044602D58B
:10633000DA6892075FD41A69500702D5DA68510704
:1063400046D41A69120702D5DA6810072ED41A69E2
:10635000D20602D5DA68D00618D41A69D10702D558
:10636000DA68D2075DD41A69100602D5DA68110618
:106370005FD41A69520602D5DA68500661D41A69E8
:10638000910602D5DA68920643D410BD6FF0100171
:10639000082219612277DB6913F4407F204664D01C
:1063A000FFF7BAFF002223682277D6E76FF00801D3
:1063B000042219612277DB699907204652D1FFF741
:1063C000A9FF2046FFF7AAFF002223682277BEE735
:1063D0006FF004010222196122779B6913F4407F58
:1063E00020463CD1FFF796FF2046FFF797FF00229B
:1063F00023682277A5E76FF0020101221961027775
:106400009B699B0725D0FFF787FF0022236822772F
:1064100091E76FF0200220461A61BDE8104000F0BD
:106420002BB86FF001021A612046FEF70BF82368C3
:1064300099E76FF080021A61204600F01FF8236888
:1064400097E76FF040021A612046FFF769FF236863
:1064500095E7FFF75FFF2046FFF760FFD5E7FFF7FF
:106460005BFFC4E7FFF758FFAEE7FFF753FF204697
:10647000FFF754FF96E700BF704700BF704700BFAB
:1064800030B42D4D8C6803680A88A8423CD0B0F126
:10649000804F27D0A5F57C45A84223D005F580651F
:1064A000A8421FD005F58065A8421BD005F57845A8
:1064B000A84229D0214DA84218D005F58065A842F0
:1064C00014D005F58065A84210D0A5F59835A842EE
:1064D00028D005F58065A84208D005F58065A8425A
:1064E00008D103E04D6823F070032B43C96823F4FF
:1064F00040730B430360C4628262436943F001034B
:10650000436130BC002070474D6823F070032B437B
:10651000CD6823F440732B430360C46282620B692D
:106520000363EAE7C96823F440731943044B196015
:10653000DC629A62E1E700BF0000014000400140D8
:1065400000180040B1F5807F30B450D026D8012922
:106550006FD0102948D1036A156923F01003036234
:10656000036A4168846923F0200343EA0513156830
:1065700024F4E64444EA0524556823F0100343EA72
:1065800005135F4DA84276D005F58065A84272D00C
:10659000D268416084618263036269E0B1F5805F23
:1065A00022D1036A156923F480530362036A4468A5
:1065B000C16923F4005343EA0533156821F4E64129
:1065C00041EA0521556823F4805343EA05334C4DD5
:1065D000A84265D005F58065A84261D0D2684460C4
:1065E000C1610264036243E0012030BC7047036A6A
:1065F000156923F480730362036A4168C46923F454
:10660000007343EA0523156824F073042C4355688E
:1066100023F4807343EA0523394DA8425AD005F587
:106620008065A84256D0D2684160C461C2630362EB
:106630001EE0036A156923F001030362036A4168DF
:10664000846923F002032B43156824F073042C4360
:10665000556823F001032B43294DA84226D005F5A8
:106660008065A84222D0D26841608461426303629F
:10667000002030BC7047556923F0800343EA85133E
:10668000956921F4806141EA8501956823F0400312
:1066900043EA8513D56921F4006141EAC50177E732
:1066A000956924F4804444EA851497E7556923F0FA
:1066B000080343EA8503956921F4807129439568AD
:1066C00023F0040343EA8503D56921F4007141EA0C
:1066D0004501C8E7556923F4006343EA85239569BA
:1066E00021F4805141EA0511956823F4806343EA5F
:1066F0008523D56921F4005141EA451193E700BF94
:1067000000000140002800F0868038B590F83D3048
:10671000044603F0FF02002B78D02368E0682422AF
:1067200084F83D20DA6822F40052DA601969A26820
:1067300021F4405101432069196102436069D9681D
:106740000243E06921F4164121F00C0102430A439F
:10675000DA605A69A069314922F4407202438B42DF
:106760005A6135D02E4A934232D0FFF73FF9E269A1
:106770001921B2F5004FD4E90053A0FB01012AD042
:106780009A009B0FFAF702FA264AA2FB00135B0954
:10679000642101FB130000013230A2FB00201B0129
:1067A00003EB5013AB602B6923F490432B616B69AF
:1067B00023F02A036B61EB680021202243F400538D
:1067C000EB60216484F83D2084F83E20084638BD03
:1067D000FFF71CF9CBE7DA184FF000035B41FAF73B
:1067E000D5F9104AA2FB00314909642303FB1103C8
:1067F000DB003233A2FB0323C3F342121B0902EB7B
:10680000011203F4F8731344AB60CCE780F83C202A
:10681000FEF71EF981E70120704700BF001001401C
:10682000001401401F85EB512DE9F843044690F810
:106830003E00202852D10D46002942D01646002A9B
:106840003FD01F4694F83C30012B47D0012384F8F9
:106850003C304FF000082223C4F8408084F83E30DA
:10686000C4F83080FFF78CFBA368A685B3F5805F82
:106870008146E6857DD0E38D00229BB284F83C20E2
:10688000CBB17E1C4CD1226813689806FCD5FDB1B3
:10689000A368B3F5805F02D0B3B92369A3B9536885
:1068A000DBB205F8013BE38D013B9BB2E385E38D51
:1068B0009BB2002BE7D1202384F83E300020BDE8B6
:1068C000F8830120BDE8F883536803F07F03E8E70D
:1068D0005368C3F3080328F8023BE4E70220BDE84D
:1068E000F883FFF74DFBA0EB09039F4248D32368D1
:1068F0001A689206F5D5002D4AD0A268B2F5805FDD
:1069000043D0002A3ED05B6803F07F0305F8013BCB
:10691000E38D013B9BB2E385E38D9BB2002BCAD094
:106920002268116889061346E5D4002FD9D102F1F7
:106930000C0353E8003F23F4D07302F10C0040E84D
:1069400000310029F3D102F1140353E8003F23F092
:10695000010302F1140040E800310029F3D12023A3
:1069600084F83D3084F83C1084F83E300320BDE8C4
:10697000F8832369002B7FF47EAFA8461D467AE793
:106980002268D4E72269002ABDD15B68DBB2BDE78B
:106990005B68C3F3080328F8023BB9E7C3689B04AC
:1069A00001D50120704730B54B68C2680D46C968F3
:1069B0000B4329690B43A96922F4164222F00C0209
:1069C0000B431343C3600369AA6823F44053134382
:1069D000036143696A6923F44073134385B04361DB
:1069E00004466846FEF754FF2F4B9C4220D02F4BA5
:1069F0009C4216D02E4B9C4213D003F54C439C4234
:106A000016D0A3F548439C420BD003F580639C420B
:106A100007D003F520539C4203D003F580639C42CA
:106A200003D1029808B12B6823B9012005B030BD0D
:106A30000398F7E7AA691921B2F5004FA0FB0101FD
:106A400015D09A009B0FFAF7A1F81A49A1FB003262
:106A50005209642303FB12031B013233A1FB03130E
:106A6000120102EB53139BB2A3600020DEE7DA1899
:106A70004FF000035B41FAF789F80E4AA2FB0031A0
:106A80004909642303FB1103DB003233A2FB032318
:106A9000C3F342121B0902EB011203F4F87313440F
:106AA0009BB2A360E1E700BF00100140004400403A
:106AB000004800401F85EB5143890E2B70B50446FA
:106AC0001FD9C37B0D461BB991F834300133C37312
:106AD000606803788689D9070AD5012B30D01E4912
:106AE000062207F00AFE18B9637B43F008036373BC
:106AF000082E0BD0B6F5C16F03D195F831301B07C6
:106B000013D4204600F080FD002070BD95F8313090
:106B10001A07F6D50E21204600F0F4FC0028F0D12B
:106B20002946204606F0F6FAEEE70E21204600F050
:106B3000E9FC0028E5D12946204605F073FEE3E78D
:106B40004378002BD4D183785E2BD1D1637B43F083
:106B500010036373CCE700BF441201082DE9F04134
:106B60000546BDF818000C4616461F4600F02EF8E4
:106B70000E218046204600F095FCE0B96168A1F83E
:106B80000C803B680B60BB888B803368C1F8063093
:106B9000B3884B8195F83030062B06D0084B094955
:106BA00009484FF4997207F053FDAB692146284616
:106BB000BDE8F04118476FF00100BDE8F08100BF6B
:106BC00024F5000884F50008F0F4000840BA80B20B
:106BD000704700BF00BA704708B500F00DF800F02C
:106BE0004BFA00F0D1FA04F0B7FE01F0E7F8BDE887
:106BF000084004F02DBE00BF0C4B0D480D490E4A55
:106C000030B423F003034FF4C865036058194FF004
:106C1000000C08600121094C83F804C083F8441675
:106C20001D60C3F84046136030BC704777500020A9
:106C3000705000206C500020685000204006400634
:106C4000002800F0AD8083072DE9F041044675D19E
:106C5000544E3268A0F10805AA425DD8524F3968F7
:106C600000F10C03994257D310F8043C002B00F0BC
:106C70008E8030F8083C30F8060CB3F5C86F54D855
:106C8000B0F5C86F51D8A5EB020C1FFA8CFC8445F7
:106C900002D0105A604548D11A44914202D052881D
:106CA000624542D1DFF82881002204F8042CD8F88C
:106CB0000020AA4288BFC8F80050A94247D93268CC
:106CC000D1188D4213D0087988B9386881420ED026
:106CD000D8F8003099420B8808BFC8F80050B3F5C7
:106CE000C86F24F8083C02D0D118A81A488034F89C
:106CF000060C11188D420DD00C795CB9D8F8004003
:106D00001352A54208BFC8F80010B3F5C86F1CBFE6
:106D1000D2185080BDE8F081BDE8F041234B2449F2
:106D2000244840F27F2207F093BCBDE8F0411F4B9E
:106D30002149204840F2952207F08ABCBDE8F04185
:106D40001A4B1E491B4840F2732207F081BC174BB7
:106D50001B4918484FF4F07207F07AFC14F8043C11
:106D600033B1124B1749134840F2E11207F070FC9F
:106D700034F8083CB3F5C86FA1D90C4B12490D4843
:106D80004FF4F27207F064FC34F8083C97E7BDE872
:106D9000F041064B0D4907484FF4237207F058BCE9
:106DA000704700BF705000206C500020B8F50008FC
:106DB00034F60008F0F4000878F6000810F6000831
:106DC000ACF60008C8F60008E4F6000850F6000823
:106DD000685000202DE9F041CC1C24F00304A4B23B
:106DE0000B2C05464BD9B4F5C86F4BD8A14249D8F6
:106DF000434F3B68AB4233D8424A1268AA422FD96C
:106E000035F8081CA5F10806F61AB6B2A1F1080279
:106E1000921B92B2A24256D31FD003EB010898F8FE
:106E20000400002831D1B1F5C86F60D03649B8F8F8
:106E30000070086808343444A4B21A19404508BFE9
:106E40000A60002156801780117125F8084C1288BD
:106E5000B2F5C86F1CBFD21854802846BDE8F08137
:106E60002A4B2B492B4840F2D12207F0F1FB3B681B
:106E7000AB42F2D8234A1268AA42EED9C0E70C24EA
:106E8000A142B5D90020BDE8F08104F1140080B220
:106E90009042E2D808343444B1F5C86FA4B21BD094
:106EA00019481A19076811800021974256801171FC
:106EB00025F8084C88BF02601288B2F5C86FCCD0A4
:106EC00013445C80C9E7114B134912484FF43972DF
:106ED00007F0BEFB0020D6E70C4B10490D4840F2EE
:106EE000163207F0B5FB35F8081C3B68D8E7074BAE
:106EF0000A49084840F2F52207F0AAFB3B6895E7EB
:106F0000705000206C50002068500020B8F5000838
:106F100010F70008F0F4000828F7000848F7000808
:106F2000002866D000F1030C2CF0030C1FFA8CFC37
:106F3000BCF10B0F26D9BCF5C86F27D8604525D802
:106F40002DE9F047434E444FD6F800E03968AEEBE8
:106F5000010293B2CCF5C86898451A460FD96FF074
:106F60000709CC1815462079CA5AA9EB030303EB8D
:106F7000020A134608B9E2450AD29045F1D800202A
:106F8000BDE8F0874FF00C0C6045D9D90020704760
:106F90000CF114039A450CF108080FD20123237158
:106FA0002E4B744518683CD004EB080C604530D378
:106FB000A3071FD104F10800BDE8F08705EB08091D
:106FC0001FFA89F9B9F5C86F37D001EB0903002022
:106FD000187121F809205D800123A4F80090237125
:106FE00031F80930B3F5C86FDAD00B44A3F802903A
:106FF000D6E770471A4B1B491B4840F2BB3207F0DB
:1070000027FB174B1949184840F2BD3207F020FB07
:10701000D0E7134B1649144840F2B93207F018FB79
:10702000C6E7234603E01B880B441A791AB1834252
:10703000F9D13060B8E73360B6E70E49084B0A482B
:1070400040F2873207F004FB39682288D6F800E066
:10705000BBE700BF68500020705000206C5000203B
:10706000B8F500088CF70008F0F40008BCF7000839
:107070005CF7000848F70008F0B5124D124B134EAC
:1070800005F1240E04240027033355F8042B376040
:1070900023F003036CB10021B2F800C00A4600E0FF
:1070A00003460132A242196003EB0C001946F7D1E6
:1070B0003360AE4504D02A68D2E901365488E3E74C
:1070C000F0BD00BF4C120108308500202C85002047
:1070D000082810B514D80F4B53F820309B681C6853
:1070E000ACB122681A60A30701D1204610BD0A4B3B
:1070F0000A490B484FF48C7207F0AAFA204610BDDB
:10710000054B0849064840F2571207F0A1FA00243F
:10711000204610BD4C120108E0F7000838F80008BE
:10712000F0F4000870F8000808280CD870B50C4678
:1071300041B10E4B53F820508B070BD1AB681A6846
:1071400022601C6070BD0A4B0A490B484FF4D5728F
:1071500007F07EBA064B094907484FF4B67207F0AC
:1071600077FAAB681A6822601C60EBE74C120108E2
:10717000E0F70008B0F80008F0F4000890F8000804
:107180006FF00B00704700BF704700BFF0B52E4D89
:10719000002914BF0E462E46002A14BF17462F465C
:1071A000002B18BF1D46336883B004466BB1002125
:1071B0003B68A268934218BFA3602B68E2689342C1
:1071C00018BFE36029B103B0F0BD426802BB0121E2
:1071D000EEE7636832689A42F5D001A96846CDE9C6
:1071E000003201F069FE01A9684604F031FF94F80D
:1071F00031203368636002F005010529E3D1002BDB
:10720000E1D01307DFD5211D204605F0ABFDDAE7FD
:1072100001A96846CDE9002301F04EFE01A96846A8
:1072200004F016FF94F831203368636002F0050122
:107230000529CCD1002BCAD01207C8D5211D204664
:1072400005F090FDC3E700BF1C1301082DE9F84FBE
:107250000B9D00286ED0002D75D00A9C04620C9CFA
:1072600004613D4C002B08BF2346002A08BF22467C
:10727000002908BF21460024C0E90144C4600485F8
:1072800080F83140C461354C4461354C247880F835
:1072900034400646FFF77AFF3046A8478346002869
:1072A0004FD196F83430DFF8D0A0DFF8C080DAF89C
:1072B0000040FF2B04BF86F834B000236CB3DFF826
:1072C000BC90284F002507E094F8342096F834301D
:1072D0009A4213D02468F4B1A64214D00135FF2D90
:1072E000F2DD40F28D1243461F49384607F0B0F9EF
:1072F00094F8342096F834309A42EBD10133DBB263
:1073000086F83430D3E7434640F28B12494638467C
:1073100007F09EF9E2E7DAF80040114A3460FE2BEC
:107320001ABF0133DBB200231370CAF80060304685
:10733000BDE8F88F0D4B0E490A4840F2271207F0BE
:1073400087F90020F4E7094B0A4906484FF4947284
:1073500007F07EF9F5E700BF1C13010881710008F2
:10736000B3850020F0F40008B4F90008CCF8000858
:1073700060F900087CF90008B8850020A0F9000831
:10738000014B1860704700BFB48500200146B0B1C2
:1073900090F83130DA0700D5704703F0050242F06B
:1073A000010243F0010C052A80F831C0F4D1426893
:1073B000002AF1D01B07EFD5043105F0D3BC034BF5
:1073C000034904484FF4547207F042B9CCF800085E
:1073D000E4F90008F0F4000860B190F83120D1071A
:1073E00005D522F00101130780F8311000D4704751
:1073F00005F066B9034B0449044840F29B3207F09C
:1074000027B900BFCCF8000800FA0008F0F4000823
:1074100000B1C161704700BF024658B1064B186801
:1074200010B907E0006830B190F834300133DBB2B6
:107430009342F7D170477047B8850020074A084B40
:10744000106800221A7010B906E0C06820B1436FBE
:10745000002BFAD001F07ABD704700BFC485002030
:10746000BC85002030B40330002461F30F04BDF864
:107470000CC0029D20F0030061F31F4401446145EC
:107480000DD805B105440021022019600121C3E98E
:107490000154587330BC18461A73D98170470020C4
:1074A00030BC704710B5F0B1B1F5803F0BD2C1B11F
:1074B00003898AB213449BB29A4204D890F90CC053
:1074C000BCF1000F01DB012010BD446800F1100C7D
:1074D000611A6145F7D3B0F80AC041606244428145
:1074E0000381002010BD044B0449054840F2DF121F
:1074F00007F0AEF8E7E700BF20FA00088CFA0008B2
:10750000F0F4000810B588B1B1F5803F15D259B13B
:1075100043898AB2934212D344680C44018944607F
:107520009B1A8A1A43810281002010BD084B094929
:10753000094840F24B2207F08BF8012010BD044BA4
:107540000649054840F2552207F082F8F5E700BFEA
:1075500020FA00088CFA0008F0F4000898FA0008F5
:10756000002910B517DB48B331B303898AB213443D
:107570009BB29A4229D890F90CC04468BCF1000F24
:10758000A4EB01012BDBB0F80AC0416062444281E8
:107590000381002010BDD0B1438949421FFA81FC0C
:1075A0009C4521D84268114402894160A3EB0C0339
:1075B000A2EB0C0243810281002010BD0E4B0F494B
:1075C0000F4840F2DF1207F043F8012010BD0A4BCC
:1075D0000A490B4840F24B2207F03AF8F5E700F170
:1075E000100C6145CFD2F0E7034B0649044840F246
:1075F000552207F02DF8E8E720FA00088CFA000879
:10760000F0F4000898FA00082DE9F8430446002831
:1076100052D02E4FDFF8C8802D4E00250AE0236996
:10762000002B3BD0204698470135EDB2B9F1000F51
:107630001BD04C46A37BDBB1013BDBB2A373A3B9E8
:10764000627BD4F80090237B9207E8D403F00F0309
:10765000022B1ED0012B2AD09BB920460135FFF703
:10766000EFFAEDB2B9F1000FE3D12846BDE8F88397
:107670003B4640F2F1224146304606F0E9FFA37B4B
:10768000DAE714493B4640F20F32304606F0E0FF9D
:10769000CAE721460820FFF747FDC5E70B4B0E4917
:1076A0000B4840F2FF2206F0D3FF2369BAE72146D8
:1076B0000720FFF739FDB7E7044B084904484FF4AA
:1076C000377206F0C5FF2546CFE700BF20FA000855
:1076D000F0F40008F4FA0008D0FA00088CFA000868
:1076E000B8FA00082DE9F843002661F30F06B2F559
:1076F000C17F0F4661F31F4647D0154610D822F0D0
:107700004003012B9CB230D03C4B3D493D4840F2F8
:10771000271206F09DFF4FF000084046BDE8F883B1
:10772000B2F5207FF0D1C31C033727F0030723F005
:1077300003033B449BB20446BB4203F1100080B2FA
:10774000E9D38742E7D8FFF7EBFB80460028E4D077
:107750002D4A0319C0E902621333002123F0030309
:10776000C0E900134046BDE8F8830720FFF7B0FCEE
:1077700080460028D1D0002305734373C481C0E93B
:10778000003386604046BDE8F88300261F4C8146E2
:10779000B046354606E08FB23060002FBDD00646B9
:1077A0004FF000090820FFF793FC09F1030323F0D1
:1077B0000303C3F514739BB28144BB4209F113095F
:1077C00028BF3B46F91A29F0030268B1C0E900520C
:1077D00007814381C460B8F1000FDCD1FB1A9FB26E
:1077E0008046002FDBD198E7094B01221A70B8F1CF
:1077F000000F90D04046FFF707FF8CE720FA000803
:1078000008FB0008F0F4000880000100820001007D
:10781000BC85002070B50D46044600283BD0228967
:10782000AA421FD963899D420DD9A91A89B20A4477
:1078300022812468EB1A9DB2002C34D06389AB42BC
:1078400001D22289F3E7227B002665F30F06120797
:1078500065F31F4607D02068A66008B1FFF7D4FE85
:107860000023236070BDAB42F5D0637B9B07F2D44D
:1078700063681B1BE918204689B2FFF7ABFA044680
:107880000028E8D10C4B0D490D4840F2BD1206F01E
:10789000DFFE6481FFDE084B0A4909484FF4CC72D1
:1078A00006F0D6FEBBE7044B0749054840F2AF128D
:1078B00006F0CEFE6389FFDE20FA000854FB0008C4
:1078C000F0F4000824FB00083CFB0008034630B13C
:1078D00000201B68013080B2002BFAD1704770473E
:1078E00020B1837B0133DBB2837303B17047034B59
:1078F0000349044840F2423206F0AABE20FA0008CA
:1079000070FB0008F0F4000870B5002830D00D4678
:1079100000292DD0046803890CB913E014460389AB
:10792000B5F808C02268634403812046002AF5D1D7
:10793000228963899A4209D123892A8925601344BF
:10794000238170BD42899A420446F6D00D4B0E4900
:107950000E4840F2623206F07BFE2368002BEBD02B
:10796000084B0B49094840F2633206F071FEE3E729
:10797000BDE87040034B0749044840F2593206F015
:1079800067BE00BF20FA0008BCFB0008F0F4000846
:10799000ECFB000884FB000870B50D46002843D0BE
:1079A000002938D0036802890446B3B122892989A5
:1079B0000A4422811C461B68002BF7D12289638967
:1079C0009A420DD122892B8925601A442281AB7BF2
:1079D0000133DBB2AB73ABB170BD43899342F2D0DC
:1079E000164B1749174840F2623206F031FE236801
:1079F000002BE7D0114B1449124840F2633206F0D5
:107A000027FEDFE7BDE870400C4B10490D4840F2FF
:107A1000423206F01DBEBDE87040084B0C490948D3
:107A200040F2593206F014BE044B0949054840F2B1
:107A3000593206F00DFE002DC9D170BD20FA0008A4
:107A4000BCFB0008F0F40008ECFB000870FB000829
:107A500084FB00082DE9F84F002800F09B800E46BB
:107A6000002900F0978002890B899A420746C0F0EE
:107A700091800025DFF830A1DFF840B1DFF83091C8
:107A8000A8467C89738978687168A4EB08045B1B3D
:107A90009C4228BF1C4629444044224606F0B3FEBF
:107AA0007B89A0444345254425D37389AB4219D330
:107AB0009D427A890CD290453AD032899A423ED082
:107AC0007A893B899342DCD13B68002BD9D04BE0CB
:107AD000904536681ED0BEB17189338999423CD039
:107AE0000025EEE753462F4940F2DA32484606F0C9
:107AF000AFFD7389DCE7534640F2D9325946484618
:107B000006F0A6FDD1E77A893B89934229D000206F
:107B1000BDE8F88F3F68002F2ED0002EF3D0728979
:107B200033899A424FF0000532D07A89A846C8E7D7
:107B30003F681FB332899A424FF00008C0D13368C2
:107B4000002BBDD0184B1949194840F2E93206F014
:107B50007FFD6FF00500BDE8F88F3568002DB0D0CF
:107B6000F0E738680028D3D00F4B1049104840F296
:107B7000EE3206F06DFDECE7002EC8D00A4B0D4941
:107B80000B484FF4797206F063FD6FF00F00BFE70A
:107B9000A846D4E7044B0849054840F2C93206F02C
:107BA00057FDF2E744FC000820FA000870FC0008CA
:107BB000F0F4000860FC0008FCFB00082CFC000846
:107BC0002DE9F04170B30E46002935D0174682B337
:107BD00005464FF00008B5F80AC006EB080053B19F
:107BE0006345A3EB0C0206D32D6893B2002DF2D1AE
:107BF0004046BDE8F081ACEB0304A4B2BC4228BF10
:107C00003C4669683F1B224619444444BFB206F013
:107C1000FAFD1FFA84F82D680023002FE8D0002D0C
:107C2000D9D1E5E7084B0949094840F20A4206F074
:107C30000FFD4FF00008DBE7034B0649044840F214
:107C40000B4206F005FDF4E720FA00089CFC000852
:107C5000F0F40008BCFC000838B515460A4629892E
:107C6000FFF740FD044618B12946FFF7F3FE08B9B7
:107C7000204638BD044B0549054840F2245206F021
:107C8000E7FC204638BD00BF20FA0008E0FC0008F1
:107C9000F0F4000810B50446F8B1237D042B05D09C
:107CA000072B0DD0032B01D0002010BD204602F081
:107CB0003BFF48B905232375204603F015FAF3E787
:107CC000204602F031FF30B1431CEED1638B43F00C
:107CD00008036383E8E70923EDE7044B04490548FB
:107CE0004FF4CE7206F0B4FCD7E700BFF4FC0008F6
:107CF0004CFD0008F0F4000870B50646806F18B11E
:107D0000FFF782FC0023B367746FCCB1D4E9005352
:107D10002146032073B11846FFF776FC2146032065
:107D2000FFF702FA55B12C46D4E90053214603204F
:107D3000002BF0D1FFF7F8F9002DF4D10023736781
:107D4000F46E4FF6FF733386BCB1D4E9005321467D
:107D5000032073B11846FFF757FC21460320FFF7B5
:107D6000E3F955B12C46D4E9005321460320002BFA
:107D7000F0D1FFF7D9F9002DF4D1346FBCB1D4E9BB
:107D800000532146032073B11846FFF73DFC2146FE
:107D90000320FFF7C9F955B12C46D4E90053214619
:107DA0000320002BF0D1FFF7BFF9002DF4D1002301
:107DB000C6E91B33A6F8683070BD00BF08B506F0F1
:107DC00047FB034B6FEA80406FEA9040188008BD84
:107DD0003801002010B5037D012B044605D0214653
:107DE0000120BDE81040FFF79FB90649064B074840
:107DF000D42206F02DFC21460120BDE81040FFF7FB
:107E000093B900BF58FD0008F4FC0008F0F4000826
:107E100038B50446C0B1238DE16AB4F832C0626A55
:107E2000581ABCF5866F104494BFA0EB0C05A0F562
:107E30008665002D01DB638538BD531A002B0BDDF1
:107E400000231846638538BD0B4B0C490C4840F2A3
:107E5000A63206F0FDFBDEE78D1AB5F5803F03D2B2
:107E6000ABB20020638538BD034B0649044840F29D
:107E7000B63206F0EDFBF3E7F4FC00086CFD0008F9
:107E8000F0F4000890FD0008002844D070B5037D90
:107E9000012B0D46044630D0238D591989B2B1F516
:107EA000066F26D94FF406631946656AE06AB4F88E
:107EB00032C02185BCF5866F94BF00EB0C0200F543
:107EC00086622B449A1A002A0DDB1B1AB3F5067F33
:107ED00061850DD3638B43F0020320466383BDE8C5
:107EE000704003F001B92B1A002B0EDD00236385CF
:107EF00070BD8B42D6D80B46D7E70E4B0E490F48C4
:107F000040F2D23206F0A4FBC6E7451BB5F5803F30
:107F100008D2658570BD074B0949084840F2CF3249
:107F200006F096BB034B0749044840F2B63206F010
:107F30008FFBEEE7F4FC0008C4FD0008F0F4000835
:107F4000ACFD000890FD00082DE9F04FB44DB54E92
:107F50002A683378DFF8F4B20132013387B02A603F
:107F60003370B14B1C68002C5ED00027B846237DCF
:107F7000002B00F02C81012B00F034810A2B00F043
:107F80003C813278A37F934200F04381237DA27726
:107F9000022B94F8422000F0BE800B2A40F2ED80C4
:107FA0004FF0010A062B00F00681627A120740F1B9
:107FB000B680042B40F0F081216A2A68D4F894003E
:107FC0009A4F521A00F5242101F6B841A7FB01711E
:107FD000B2EB511F40F2C881676F0AF1010A5FFAE4
:107FE0008AFA4FF00109002F00F0B081B4F9403057
:107FF00003EB4303B2EB430F80F0A280237D032BFE
:108000007FD0092B48D0BAF1000F40F09F81237F29
:10801000627FE7680133DBB29A42237740F21A812C
:10802000A0463C46002CA2D1814F3C688CB3DFF8BF
:108030001CA2DFF81C92DFF804820026237D0A2BA5
:1080400000F02081534640F2A1524946404606F0D6
:10805000FFFA2B68226A9B1AF02B40F21981237DCC
:10806000012B00F215823B68002E00F0F9819C4242
:1080700000F02782D4F80CB0C6F80CB0237D012B99
:1080800000F0FF81214601205C46FFF74DF8002CEF
:10809000D4D107B0BDE8F08F2B68226A9B1AF02B71
:1080A00034D9D4F890702046FFF726FE5E4B1B684B
:1080B000B8F1000F00F0A1819C4200F0C981E36893
:1080C000C8F80C30B9F1000F40F06A81237D012B14
:1080D000D4E903A900F0768121460120554CFFF731
:1080E00023F8002323703FB16FF00C014846B847D6
:1080F0002378002B7FF435AF5446002C7FF437AF44
:1081000092E72B68226A9B1A282BCAD8BAF1000F73
:108110003FF47DAFC5E7052A2FD94FF0010A676FFD
:10812000002F00F01F81236A2A68D21AB4F9403068
:1081300003EB4303B2EB430F4FF00009FFF45EAFD4
:108140000594D7E900423946032072B11046FFF783
:108150005BFA39460320FEF7E7FF54B12746D7E91B
:10816000004239460320002AF0D1FEF7DDFF002C43
:10817000F4D1059C0023636740E794F899A0BAF115
:10818000000F00F08B80236F33B12B492B485B46E7
:1081900040F2D44206F05CFAE36E002B00F07F81DF
:1081A00094F89A300B2B40F21481237D062B4FF06C
:1081B000010A7FF4FAAE628BD00600F1B780627AD2
:1081C0001107ACD4676F002FADD1B9461BE75B46F2
:1081D0001A481B4940F2BE4206F03AFA237D012BB1
:1081E0007FF4CCAE5B461749144840F2BF4206F01C
:1081F0002FFA237D0A2B7FF4C4AE5B464FF49862BE
:1082000011490E4806F024FA3278A37F93427FF496
:10821000BDAEA046E468002C7FF4A9AE04E700BF21
:10822000D0850020BD850020C4850020D34D62107C
:10823000C0850020BF85002074FE0008F0F400080F
:10824000ECFD000818FE000844FE0008F4FC0008DD
:1082500038FF0008DFF8C082D4F88C200023237791
:1082600088F8003052B120692146904798F80030D4
:10827000002B7FF476AE00287FF4D2AE204602F0C9
:1082800033FFCDE62B68226A9B1AF02B3FF6EBAE4C
:108290002646E468002C7FF4D1AEFAE6B4F930202B
:1082A00047F6FE7091B2814202D801310AB22286AD
:1082B000B4F9401091423FF775AE204602F070FDD0
:1082C000002840F0F480237D022B14D094F8423033
:1082D000844AB4F93C100C2B28BF0C23D25CB4F9AF
:1082E0003E3003EBE103934047F6FF729342A8BF91
:1082F0001346A4F84030638EB4F84810A4F8483010
:108300005B009AB2B4F860308B4228BF0B465B0822
:10831000934238BF1346A4F84A3000232386A4F8BA
:108320006A30204603F0B4F8237D3BE62A68216AD0
:10833000521A282A7FF646AF676F0AF1010A5FFAE0
:108340008AFA4FF00009002F7FF450AED4F89070F5
:10835000002B3FF4ABAE0A2B3FF4A8AE012B7FF409
:10836000A2AEA3E6B94649E694F89B105E4F07FB20
:1083700001005E49A1FB0010B2EB501F7FF622AF57
:10838000204603F0D1F800287FF4C9AE94F89B3062
:10839000013384F89B30C2E6072B3FF40DAEBEE6F6
:1083A000238B626A216D0293E38A0193231D00935C
:1083B0002046234602F0BAFD237D012BD4E903A910
:1083C0007FF48AAE4A494B485B46D42206F040F916
:1083D00082E694F89930484A1A4494F8983012F892
:1083E000012C934216D20133DBB2934284F89830C9
:1083F00010D2237D4FF0000AD4E59C4206D03F49BD
:108400003C485B4640F2715206F022F93C4AE36870
:10841000136057E6B4F8607037B9204603F0C4F82B
:1084200040B1237DBA46BDE53946204602F0A0FAA8
:1084300000284ED094F89930062B98BF01334FF0A6
:10844000000A98BF84F8993084F898A0237DA9E5A4
:108450002C4B2D49274840F26D5206F0F9F82EE6D4
:108460009C4206D0274B2949224840F2B35206F0DD
:10847000EFF8237DD4F80CB0C7F800B0012B7FF4DF
:1084800001AE204B1A491B48D42206F0E1F8F9E569
:108490000A2B3FF4E8AD2046FFF72EFCE3E5194B2D
:1084A0001B49144840F2D54206F0D2F878E6226F14
:1084B000237D002A7FF476ADE26E002A7FF404AFBC
:1084C00070E5104B13490B4840F2AF5206F0C0F86C
:1084D000D0E5204602F008FE0028ABD1237D82467D
:1084E00060E500BFF4120108F8240100D34D6210CA
:1084F00058FD0008F0F40008EC1201080CFF000819
:10850000C4850020F4FC0008E0FE000890FF00088D
:10851000A8FE000868FF0008BF850020D0B138B56C
:108520000446D4E900532146032073B11846FFF7EF
:108530006BF821460320FEF7F7FD55B12C46D4E930
:10854000005321460320002BF0D1FEF7EDFD002D56
:10855000F4D138BD704700BF58B110B5044640682B
:1085600008B1FFF751F821460320BDE81040FEF79F
:10857000DBBD704738B5054688B10320FEF7A8FD7E
:10858000044650B168682968AA68EB686060606852
:108590002160A260E360FFF7A3F9204638BD044BD9
:1085A0000449054840F2826206F052F8E5E700BF50
:1085B000F4FC0008B8FF0008F0F4000838B1037DAF
:1085C000012B03D90A2B01D0FFF796BB7047034B51
:1085D0000349044840F6510206F03AB8F4FC00089A
:1085E000D4FF0008F0F4000838B505460C46002911
:1085F00051D0002D58D02B68A3423CD02BB1DA6863
:10860000A24240D01346002BF9D1237D0022E26024
:108610000BBB638BDA074FD4E36E33B12D4B2E497E
:108620002E4840F6930206F013F8236F33B1294B1E
:108630002B492A4840F6940206F00AF8636F33B1DA
:10864000244B2849254840F6960206F001F80023FD
:108650002375E38238BD0A2BDED0012BF7D02046EC
:10866000FFF74AFB237D0A2BD6D0012BD1D1002363
:108670002375E38238BDE3682B60237D0022E2602E
:10868000002BE8D1C5E7E268DA60237D0022E260D2
:10869000002BE0D1BDE70F4B1349104840F6830291
:1086A00005F0D6FF002DA6D10A4B10490B4840F625
:1086B000840205F0CDFF9EE743F00203638320466A
:1086C00002F012FD237D012BA6D100232375E38246
:1086D00038BD00BFF4FC00082C000108F0F40008CD
:1086E0004400010860000108F0FF00080C000108C8
:1086F000002800F0D1802DE9F04F037D012B87B0D9
:108700000E46054600F0AF800A2B00F0B780D5F882
:108710009020D5F850A0D5F824B0D5F81090B5F831
:1087200016800592002B65D1B8F1000F6AD14FF089
:10873000000846462C6FBCB1D4E9007221460320E4
:1087400072B11046FEF760FF21460320FEF7ECFCF5
:1087500057B13C46D4E9007221460320002AF0D1EB
:10876000FEF7E2FC002FF4D1EC6EBCB1D4E900724C
:108770002146032072B11046FEF746FF2146032032
:10878000FEF7D2FC57B13C46D4E9007221460320E3
:10879000002AF0D1FEF7C8FC002FF4D16C6FBCB1F9
:1087A000D4E900722146032072B11046FEF72CFF77
:1087B00021460320FEF7B8FC57B13C46D4E90072CD
:1087C00021460320002AF0D1FEF7AEFC002FF4D1A1
:1087D0003EBB2B7D012B33D029460120FEF7A4FCA4
:1087E000059B002B39D06FF00C01484607B0BDE85F
:1087F000F04F18472F482946FFF7F6FE2E4B01226F
:108800001A7097E72D4A1368AB4229D033B1DA6862
:10881000AA4201D01346F9E7EA68DA600023EB6068
:1088200085E7CDF804802B8B02932B1D00935A46CD
:108830002B465146284602F079FB2B7D012BCBD1EC
:108840001F4B20492048D42205F002FF2946012071
:10885000FEF76AFC059B002BC5D107B0BDE8F08F81
:10886000EB681360DAE7164B184917484FF410729B
:1088700005F0EEFE2B7D0A2B7FF449AF1448294604
:10888000FFF7B2FE2B7D012B0DD02946012007B04A
:10889000BDE8F04FFEF748BC094B0E490A4840F2CC
:1088A0003D2205F0D5BE064B06490748D42205F007
:1088B000CFFEEAE7C4850020BF850020CC850020DC
:1088C000F4FC000858FD0008F0F4000894000108CA
:1088D000C0850020780001080121FFF709BF00BF13
:1088E000F8B506460120FEF7F3FB044618B39C22B8
:1088F0000021204605F011FF554B5649564A1B688A
:108900000878A2624FF48661544A2362544BA4F85B
:108910006410FF2553492263C4F89430524A6675A7
:108920004FF00613E572A077A164C4F88420C4F860
:108930003E302046F8BD4D4F3D685DB12846ED689C
:10894000438B1A07F9D523F008034383FFF7A2F9F5
:10895000002DF3D1464B1B688BB13D4A10680021B6
:108960001A6A821A914298BF1C46DB6898BF11466A
:10897000002BF5D11CB101212046FFF7B9FE0120E3
:10898000FEF7A6FB04460028B1D1396891B1304BFF
:10899000186822460B7D092B05D10B6AC31A9A422F
:1089A0009CBF0C461A46C9680029F3D114B1204671
:1089B000FFF79EFE0120FEF78BFB0446002896D1B0
:1089C000396891B1224B186822460B7D082B05D1DE
:1089D0000B6AC31A9A429CBF0C461A46C968002902
:1089E000F3D114B12046FFF783FE0120FEF770FBA0
:1089F000044600287FF47BAF330626D4EEB132461E
:108A00003B68013AD2B2C3B1114900250F6805E0B5
:108A1000186A3D1A0A461C46DB684BB1597D8A42EA
:108A2000F6D8F9D1186AA7EB000C6545F4D8F0E741
:108A30001CB101212046FFF75BFE0120FEF748FB39
:108A4000044600287FF453AF73E77F22D8E700BFC6
:108A5000D0850020BD85002060086008FFFF180257
:108A600000DD6D0001003004258C0008C485002065
:108A7000C085002030B50D4685B00446002800F0C2
:108A8000A280237D1DB1042B18D0072B16D0012BFB
:108A900076D0022B4BD0002B5ED1E38A002B50D036
:108AA000544A1368A34200F09B80002B00F095808D
:108AB000DA68A24200F08F801346F6E7A36F002B1E
:108AC00046D0638BDB064DD5208BE18A626ACDE907
:108AD0000110231D216D00932046234602F026FA43
:108AE000237D012B04D90A2B02D02046FFF704F97D
:108AF000414A1368A34240D033B1DA68A24201D0A0
:108B00001346F9E7E268DA603C4B3D4A1B680020F7
:108B10000121A342E06011702CD0237D012B10D1E4
:108B2000384B39493948D42205F092FD09E02146F5
:108B30003148FFF759FD237D314A01218B421170E5
:108B4000EED021460120FEF7EFFA002005B030BD3F
:108B5000238DB3F5066FB4D1204605B0BDE8304093
:108B6000FFF798B8274B2A4928484FF4B27205F00E
:108B70006FFDA9E701F028FEE7E7E3681360C3E7AC
:108B80002449002001F10C0551F8043F1B682BB16A
:108B9000DA6F944212D0DB68002BF9D1A942F3D1ED
:108BA0001D482146FFF720FD237D012B1BD02146C8
:108BB0000220FEF7B9FA002005B030BDD867DB68A7
:108BC000002BE5D1EAE70F4B144910484FF4AF7280
:108BD00005F03EFD55E7E268DA600023E360B0E7A8
:108BE000E3681360F9E7074B0D490848DF2205F0F9
:108BF0002FFDDCE7CC850020C4850020D485002033
:108C0000BF850020F4FC000858FD0008F0F40008BF
:108C1000E8000108DC120108C8850020C80001082E
:108C20000401010870B500295FD015460C467AB3DF
:108C30000B7D1689012B3CD0228DB3189BB2B3F566
:108C4000066F01D89A4232D94FF406621346666A1B
:108C5000E06AB4F832C02385BCF5866F94BF00EBA0
:108C60000C0100F586613244511A002929DB121AE1
:108C7000B2F5067F638506D3638B43F0020320467B
:108C8000638302F031FA2846FEF7BEFC002070BD77
:108C9000002BFBD10B7D012B03D04B8B43F010033A
:108CA0004B8320460121BDE87040FFF7E3BE1A4622
:108CB000CDE7134B1349144840F2D23205F0C8FCFB
:108CC000BAE7331A002B02DD00236385DBE7861B3E
:108CD000B6F5803F01D26685D5E7094B0B490A48B6
:108CE00040F2B63205F0B4FCF5E7054B08490648FA
:108CF0004FF4D36205F0ACFC6FF00F0070BD00BF05
:108D0000F4FC0008C4FD0008F0F4000890FD000821
:108D100020010108F8B578B3856FD0F884606F7BC7
:108D200000230446836756B100692A462146B047AE
:108D300058B10D301DD0A5676FF00400F8BD29892A
:108D4000FFF7A2F82846FEF75FFCBB060FD5238D80
:108D5000D4F88450B3F5066F1CBF0133238535B1B9
:108D6000002320691A462146A8470D3001D0002073
:108D7000F8BD6FF00C00F8BD044B0549054840F202
:108D8000096205F065FC6FF00F00F8BDF4FC000807
:108D90003C010108F0F400082DE9F0411C4DDFF81A
:108DA00078802B781B4E01332B700027D8F80040B9
:108DB000B4B1A37F2A78934214D0638BA277D907EA
:108DC00019D41A0710D4A36F2046E468002BEFD003
:108DD0003770FFF79FFF3378002BE7D1002CE8D1E5
:108DE000BDE8F081E468E3E723F0080363832046ED
:108DF000FEF750FFE7E743F002036383204602F0EB
:108E000073F9638B23F003039BB26383D9E700BF3D
:108E1000BD850020BF850020C485002008B5FFF770
:108E2000BBFF064A13780133DBB21370DB0700D4B3
:108E300008BDBDE80840FFF787B800BFBE85002029
:108E400008B530B1074B084A18681268104418601A
:108E500008BD064B0649074840F6AF0205F0F8FB8F
:108E6000F0E700BF34010020D0850020F4FC0008AA
:108E700064010108F0F4000838B505460C4662B1FB
:108E80004CB1238D3BB1282B38BF2823283B9BB204
:108E90009D4228BF1D46284638BD044B044905485D
:108EA00040F6C50205F0D4FBEAE700BFF4FC000879
:108EB00080010108F0F4000800283FD0036870B575
:108EC000054603B970BD1E4A10680E4678B10268A7
:108ED000C468934206D054B120462B680268C46827
:108EE0009342F8D10121FFF703FC002CF4D1154B7C
:108EF0001C6854B122682B689A422046E468F8D175
:108F00000121FFF7F5FB002CF4D1002EDAD03368F5
:108F1000002BD7D00C4B1A68002AD3D02B681168CD
:108F2000994205D0D268002ACCD011689942F9D173
:108F300033681360D268002AF0D170BD704700BF5B
:108F4000C4850020CC850020C885002070B5446F02
:108F5000D4B1D4E9005306462146032073B1184624
:108F6000FEF752FB21460320FEF7DEF855B12C46F2
:108F7000D4E9005321460320002BF0D1FEF7D4F8AA
:108F8000002DF4D10023736770BD00BF2DE9F843B5
:108F90000546002800F09A80644B188870B3644B33
:108FA000644F1E68644B0024B3F800C03C80002E60
:108FB0006CD0DFF8888122469646531C9BB2A3EB07
:108FC0000C01013990421FFA8EF9C9B240F2A58016
:108FD000CC4515D8715C012918D002291BD061B18C
:108FE0009C454ED9554909680B441B7D012B40F225
:108FF000998013449AB20124DEE73B80BDE8F883F0
:10900000D8F800107144097D0129E6D10EF1010E56
:109010001A460124D1E7911C9C4589B223D9474CBB
:10902000246823441B7D042B23D14B1C834220DA6C
:10903000D31C8C4502F104029BB292B21BD8A1EB67
:109040000C01C9B2715C09029C453AD8A3EB0C0330
:10905000DBB2F35C0B43591EB1F5067F28BF4FF41A
:1090600006736B86C7E7A3EB0C03DBB2F35C042B40
:10907000DBD03980C2E7314C24682144097D0902E4
:10908000E2E7A3EB0C03DBB2F35CAFE72B4B344618
:1090900022461E6802F11401531C90429BB23CD937
:1090A000745C012C36D0022C18D0002CA5D033448F
:1090B0001B7D012B36D913449AB2012402F114010D
:1090C000EAE71E4C246823441B7DC3E71C4B1D4963
:1090D0001D4840F27D7205F0BBFA5DE73344911CF8
:1090E0001B7D042B89B2C4D14B1C8342C1DAD31C33
:1090F000314416FA83F3097D1B7D43EA0123591E8F
:10910000B1F5067F02F1040228BF4FF4067392B254
:109110006B86D2E701311A46BEE7002C3FF46EAFF2
:109120003A806BE702323A8068E700BFF68500209C
:10913000F0850020EC850020F4850020F8850020D3
:10914000A801010804020108F0F40008F8B50C4673
:10915000054600283CD0EB689889FDF737FDC3072A
:1091600032D41F4EE1682B893768486822893B4416
:109170001B1A9A1A002A1DDB8889FDF727FD10F0BB
:10918000010F204607D12468FFF7E6F9002CE9D14A
:1091900000242C60F8BDEB6801209F89FDF716FDC7
:1091A000EB680743204624689F81FFF7D5F9002C20
:1091B000D8D1EDE7002BECDDC11B89B268682981AD
:1091C000FEF728FB2C60F8BD2046FFF7A7F9DFE784
:1091D000044B0549054840F21F4205F039FABAE749
:1091E000E8850020A801010820020108F0F4000829
:1091F00000295FD02DE9F04F83B02F4EDFF8C490E7
:10920000DFF8C8802D4F019282460D46EB68586802
:10921000FDF7E0FCEB68B5F808B004469889FDF767
:10922000D5FC336810F00300A4EB030418BF012041
:109230005C440444002C31DCD5E900B0FEF746FB69
:10924000BAF86630984204461ED81D492A89088813
:109250001B1B0244AAF8663028460A80FFF77CF9F7
:10926000BAF866305D465BB1BBF1000FCED1DDF8D8
:1092700004B0BBF1000F15D0002003B0BDE8F08FA3
:10928000BBF1000FC2D1F7E74B4640F257424146CF
:10929000384605F0DDF9BAF86630D6E7284603B05F
:1092A000BDE8F08F074B0849044840F2614205F0E1
:1092B000CFF9E1E700207047E4850020F0F40008D2
:1092C000E0850020A8010108700201084802010899
:1092D0002DE9F84F037D032B044640F21081B54B76
:1092E000B54D1A782B68D70600F18D80B34E3188C2
:1092F000626A2B68002976D0207D062873D8A2EBFD
:109300000308B8F1010F06D4C3F10100411A11445A
:10931000002940F36381991A0029C0F24581208D0C
:1093200003F1010EAEEB0201091A002931DC9A4269
:1093300000F04C84D4F87480B8F1000F00F067831B
:10934000D8F80C0042689A4200F04083991A00292C
:10935000C0F2C283D8F8007003F1FF3CAFB1F868E7
:1093600042689A4200F03583D8F80C104968ACEB9B
:109370000101002904DBAEEB0201002940F39982D0
:10938000B846D8F80070002FE9D19A1A002A00F3E5
:10939000B0822046BDE8F84F01F054BE874E3088B9
:1093A000002840F0F6804944E644714540F0F180E1
:1093B000B4F930100029C0F2EC80904540F0E9800B
:1093C00094F84310FF2900F092830131C9B20329B8
:1093D00084F8431000F28B8300F09483616B0029C2
:1093E00040F0B180626A991A002906DB218DC2F132
:1093F0000102521A1A44002A03DD638B43F0020370
:109400006383BDE8F88FD4E9151C6D4FB4F860E0B4
:109410003A68C81A00287EDB994278D0944500F05B
:10942000BC807146E146D4F84480A2EB08000028D5
:10943000B4DD236DD31A002B7CDC638B5E070AD569
:10944000B4F84A10A4F8481023F004039BB200219A
:109450006383A4F86A10B4F93C106264E28F02EBF3
:10946000E102A4F84020227D0021032AA4F8421042
:1094700013D9B4F84820B4F84A10914280B200F2EF
:109480004381B4F86A30184480B2834200F28E827D
:10949000824240F28D82A4F86A00D4E91B21204662
:1094A000FFF7A6FEE16E206702462046FFF7A0FE0A
:1094B000226FE066B2FA82F35B095B4223860023E7
:1094C0002377002800F01D813E4B1988B4F86430E2
:1094D0000B44A4F86430638B19052ED5002A00F0E4
:1094E0002981D368E66C5868FDF774FB361A002EA4
:1094F00023DC638B314E23F4006363831EE0324B25
:109500003249334840F27C4205F0A2F8E7E6ACEB82
:109510000201002982DA2F490968C989B4F862007A
:10952000A4F860108842C4E9153238BFA4F862106C
:10953000914678E7204601F085FD204E616B0029B9
:109540003FF4D5AE3A68A36B9B1A002BBFF6CFAEA3
:10955000214BB4F93C201F88C2F3CF0089B23B1ADB
:109560005B1A9BB21A4412B213F4004FA28702D0C6
:10957000C01B01448BB2B4F93E10A1EBA1010B4416
:109580009BB203EBE202E3870023A4F8402063636D
:10959000ADE6002384F84330D0E70E490968C98955
:1095A0008E45BFF43EAFB9E7638B43F0020363839C
:1095B000EFE600BFDD850020E8850020DE85002085
:1095C000E4850020E0850020A80101089002010840
:1095D000F0F40008F8850020D0850020DFF86094C2
:1095E000D9F80470002F00F05C814FF6FE739845A7
:1095F00000F2BB80D9F804301A891FFA88F8424576
:10960000C0F0A880B9F80830A3EB0803A9F8083027
:109610007B89A2EB0802984592B20AD90021798190
:109620003A813F68A8EB03031FFA83F87B8943451F
:10963000F5D341463846FDF765FFD9F80C20636A3B
:109640002B605360238D002B3FF4A3AE1346988903
:10965000B9F80870FDF7BAFA10F0030318BF012338
:10966000228D3B449BB29A423380C0F0EF81636FFE
:10967000002B00F08980D9F80C309889FDF7A6FA04
:10968000C2077ED4676F328829683FB978E23846CE
:109690003F68FEF761FF002F00F07082F8683288A3
:1096A000D5F800E03B89D0F804C002EB0E0163441A
:1096B000CB1A002BC0F22A828089FDF787FAC307F4
:1096C000E5D5D9F80C309889FDF780FA8007DED40B
:1096D000D9F80C300120B3F80C80FDF777FAD9F8EF
:1096E0000C3048EA0000988180B2B9F80880FDF794
:1096F0006DFA10F0030318BF01239844A6F8008008
:10970000C5E7A4F86800DFE613F4006F638E0CBFB2
:109710000221012113FB01F39BB2834294BFD118B4
:1097200011188BB29A4240F24C814FF6FF73A4F8A5
:109730004830B2E648B1C368E66C5868FDF74AFAAB
:10974000361A002E3FF7F9AE638BB54E23F4006353
:109750006383F3E6B34BB449B44840F2975204F044
:1097600077FFD9F804301A894CE7AE4BB049AF48BF
:1097700040F2955204F06CFF3CE703686367FEF724
:10978000EBFE606F0028F8D1328829681144238DE0
:1097900061629342C0F096819B1A23852046FEF7B2
:1097A00037FBD9F804301A8922B1A24A136000238A
:1097B000C9F80430D9F80C309889FDF707FAC207C8
:1097C00004D59D4A137843F020031370666F002E72
:1097D00000F01481DFF84C92DFF86C82934F35E093
:1097E000F368B6F808A09889FDF7F0F910F00300C7
:1097F000238D18BF012050441B1A23852046FEF7F5
:1098000007FB71680B8943B18A4B1868002800F088
:10981000DB80FEF779F800237360F3689889FDF721
:10982000D5F9C30709D5844A217D1378042943F06B
:109830002003137004BF0723237533686367304622
:10984000FEF78AFE666F002E00F0D880F268616A2B
:1098500053688B4240F0D2802B609089B6F808A004
:10986000FDF7B4F9636AB6F808B010F0030018BF4A
:1098700001209A445044F36860629889B4F828A0A3
:10988000FDF7A4F910F0030018BF012058448245E9
:10989000A6D24B4640F22B624146384604F0D8FE31
:1098A0009EE7604B6549614840F2945204F0D0FE57
:1098B0009BE66348FEF75EFE064600283FF469AD6E
:1098C000D8F80C302A685968B8F808300B449B1A4D
:1098D000002B07DD521A91B2D8F80400A8F808103E
:1098E000FDF798FFC8F8006039463046FFF72EFCB8
:1098F0004FE58089FDF76AF9C1073FF54AAD504849
:10990000FEF738FEC8F8000000283FF442ADD8F852
:109910000C30B8F8082059682B680A44D21A002A7B
:1099200007DD5B1A99B2D8F80400A8F80810FDF713
:1099300071FF2A6833881344626A9B1A228D9B1A2E
:10994000002B7FF726ADD8F80030DB689889FDF74B
:109950003DF9C207D8F8003000F12681218D2A6830
:109960005868891A626A114489B21981FDF752FF59
:10997000D8F800301F89DB689889FDF727F910F0C7
:10998000030318BF01232968228D3B449BB219446D
:109990003380636A134499423FF4FBAC214B29495D
:1099A00022484FF4DF6204F053FEF2E44FF6FF70FA
:1099B000638E13449BB2801A9A42A4F86A003FF661
:1099C000B4AEA4F8483068E5196024E747464FF084
:1099D00000081B483B8902899A427FF6DAACFEF701
:1099E000C9FD00283FF4D5ACB8F1000F00F0DA80D3
:1099F000C8F800003946FFF7A9FBCAE4638BD80713
:109A00000AD523F0010343F002036383F9E40C4811
:109A1000FEF7B0FD6067BCE443F001036383F0E44C
:109A2000DE850020A8010108CC020108F0F400083E
:109A3000BC020108D8850020DC850020AC020108AA
:109A4000FC850020DC02010870030108D9F80C3005
:109A50009889FDF7BBF8C707D9F80C3000F1928060
:109A60009889238DA9F80830FDF7B0F8B9F80810E7
:109A7000800744BF01F1FF3189B2D9F8040048BF23
:109A8000A9F80810FDF7C6FED9F80C30B9F808702F
:109A90009889FDF79BF810F0030318BF01232A688B
:109AA000616A3B449BB233801344228D0A44934243
:109AB0003FF4DDAD484B4949494840F2CB5204F0F0
:109AC000C7FDD4E5444B4749454840F2076204F0DE
:109AD000BFFD238D32885FE64348FEF74BFD00282B
:109AE0003FF457AC60674146FFF730FB51E4B4F8F0
:109AF0004820638E13449BB29A4201D94FF6FF73FC
:109B0000A4F84830204601F0D7F917E5A1EB0C0383
:109B1000002B01DC67673AE6D9F80C30ACEB0E0C91
:109B2000A9F808C09889FDF751F8810704D5B9F85C
:109B30000830013BA9F80830B9F80810D9F804003A
:109B4000FDF768FED9F80C30B9F808809889FDF760
:109B50003DF810F0030318BF012308EB030292B293
:109B6000FB68328059682B6813448B42D2D01A4B61
:109B70001E491B4840F2FC5204F06AFD32882968F5
:109B80001144C7E79F893846FDF720F800F03E00F2
:109B9000FDF71CF827F47C57D9F80C30384398812E
:109BA00080B25EE7606725E7DB689F893846FDF78E
:109BB0000DF800F03E00FDF709F8D8F8003027F462
:109BC0007C57D96840EA07028A81C7E6DFF8189017
:109BD000D9F80C303BE500BFA8010108DC02010800
:109BE000F0F4000850030108FC850020140301086C
:109BF0002DE9F04F044687B0002800F0D580638936
:109C00006D4E62683260132B05D8204607B0BDE860
:109C1000F04FFDF7F9BC694F3968786903F064FCCF
:109C200005460028F1D17B6903F0F003E02BECD06E
:109C300033689889FCF7CAFF810A01F0FC011329F7
:109C4000E3D923898B42E0D36289DFF8A491DFF85E
:109C5000A481A1F114039BB28A42C8F80050A9F86C
:109C6000003080F09D812368002B00F07B8314215D
:109C70002046FDF747FC6589514BB9F800A01D80CF
:109C800029462046FDF73EFC2068AAEB05094389DA
:109C90001FFA89F94B45B8D34368C8F800304946E4
:109CA000FDF730FC238962892B44A3EB0A039BB2A6
:109CB0002381002A40F05D83226812899A4205D0F0
:109CC000404B41494148E02204F0C2FC35682888F5
:109CD000FCF77CFF288035686888FCF777FF688090
:109CE00035686868FCF776FF394B6860356818603E
:109CF000A868FCF76FFF374BA86035681860E889E3
:109D0000FCF764FF3368E8819889FCF75FFF324A0B
:109D100000F03F0381071370228940F047812F4BE9
:109D200005931A802E4B1D68002D00F0E880DFF8A7
:109D300094A0DFF8C4B0DFF894904FF0000817E06B
:109D40000A2B21D0012B28D02A7A32B17B6893F8D4
:109D500034300133DBB29A4204D13368298B1A883C
:109D600091424BD0EB68A846002B00F0C8801D46FE
:109D70002B7D002BE4D15346FB225946484604F084
:109D800067FC2B7D0A2BDDD153461649FC22484641
:109D900004F05EFC2B7D012BD6D113495346FD22E6
:109DA000484604F055FCCFE7064B1049074883228C
:109DB00004F04EFC23E700BFF8850020505000203F
:109DC000F4850020A8010108CC030108F0F4000884
:109DD000E8850020E4850020DD850020DE85002068
:109DE000C4850020140401084004010898030108F8
:109DF000F6850020F0850020EC0301085B88EA8AE4
:109E00009A42AFD16A683B699A42ABD12A687B69B2
:109E10009A42A7D1EB68AB4200F05984B8F1000F29
:109E200009D06F4AC8F80C301368EB601560EB6816
:109E3000AB4200F012846B4B6B4FDFF8C481DFF84C
:109E4000C491DFF8C4A11A787C6000233B60C8F895
:109E5000003089F80030AAF8003023893B8133684C
:109E6000FB60130703D5637B43F001036373AB6FA0
:109E7000002B00F06E822846FEF74CFF0D3000F0FC
:109E80006B82AB6F23B1059B1B88002B40F0648273
:109E9000544B564C1A782560500740F14E81297D6D
:109EA000022900F03783524B6A6A1B689A4200F01D
:109EB00020849B1A04D42A8D9B1A002B40F32583FF
:109EC00099F800301E0740F15C82D5F890301BB144
:109ED00028696FF00D01984741482946FEF784FB39
:109EE0002846FDF777FF786800252560C8F8005000
:109EF00010B1FDF789FB7D6007B0BDE8F08F3D4BE9
:109F00001D68002D5BD0DFF80481DFF804A1DFF8C5
:109F1000049102E0ED68002D51D02B7D0A2B4346C1
:109F200005D040F21F125146484604F091FB2A7AB0
:109F300032B17B6893F834300133DBB29A42E9D115
:109F40003368298B1A889142E4D15A88EB8A93426C
:109F5000E0D168683A699042DCD128687A69904219
:109F6000D8D1204A107842073FF54FAE059A8707AF
:109F7000168840F1D1831E4A686A1268101A04D408
:109F80002F8DC01B002840F3CE83002E3FF43DAE42
:109F90006B8B43F0020328466B8301F0A5F834E68F
:109FA000154A20461380FDF7ADFA8FE6531C13497E
:109FB00005919BB29A420B807FF6B4AE25E6DFF89E
:109FC0005880D6F800C0D8F80020002A00F0278278
:109FD0007868D7F814E015460021924624E000BFC7
:109FE000C4850020DD850020FC850020D48500206C
:109FF000E8850020C0850020F4850020DE85002053
:10A00000D8850020DC850020E0850020A80101081B
:10A01000C0040108F0F40008C8850020EB68294658
:10A02000002B00F0FC811D462A7A2AB190F83430CA
:10A030000133DBB29A42F1D1B5F81690BCF8023088
:10A040009945EBD12B68734501D0002BE6D15246E0
:10A0500021B1EB68CB60C8F80050EA60A84B1B78D0
:10A0600059073FF5D2AD13F0100840F076829A07F9
:10A070007FF5CBAD687DFEF733FC8146002800F00C
:10A08000DB82D7E90432824631684AF8042B9D4FBF
:10A0900043600B7849783A6843EA01230132E98A40
:10A0A00003830323C1824262C2620375FEF7C8FEC6
:10A0B0003A682B69C9F85800013AC9E91402C9F88D
:10A0C0004400C9F85C00C9F87C50C9F810306B7ABC
:10A0D0008D4A03F00C0389F809302B7A89F808308F
:10A0E0001368C9F80C30C2F8009001F06DFB874B83
:10A0F000012248461A70FEF749FF3368B9F832501A
:10A10000DA89434662F30F0362F31F43C9F86030F4
:10A11000504602F0C7FF524601462846FEF7ACFE05
:10A120001221A9F83200484600F08EFD002840F0C8
:10A130008E82484600F0D8FF67E591076B8B04D507
:10A140002A7D023A012A00F2E181DA0602D4704B3C
:10A150001B682B620023A5F89A302846FEF716FFED
:10A160002B7D023B072B3FF6ABAEDFE803F0341349
:10A17000048F7404A85B2846FFF7AAF899F800300A
:10A180009B067FF59DAE6B8B43F002036B83072329
:10A190002B7595E65A4B1B78D80640F139825D4BFA
:10A1A00019686B6CDB43CB4204D42B6DCB1A002BAC
:10A1B00040F35C82059A33681088524A1268024460
:10A1C000188802905B880193534B00932846043310
:10A1D00000F0ACFE74E64A4B1A7802F01203122B20
:10A1E00000F03881D3067FF56BAE059A336811888D
:10A1F000444A188812680A444649096802905B88F4
:10A200000193454B00932846043300F08FFE95F8E8
:10A210004230052B3FF654AE00232B86284601F032
:10A2200055F94DE62846FFF753F8354B1B78DB060A
:10A230007FF546AE374B296D1A6899F80030914288
:10A240007FF43EAEEA6E002A7FF43AAE43F010038C
:10A2500089F8003034E62846FFF73AF899F80030DC
:10A2600099067FF52DAE6B8B43F002036B83284676
:10A27000FEF7A4F9244B1B689D425BD0002B5CD0F9
:10A28000DA68954200F020821346F7E72846FFF788
:10A290001FF899F8003013F0200F194B00F08E8151
:10A2A0001A786B8BD60643F0020304D5194A296D40
:10A2B0001268914232D06B8308232B7500E6284642
:10A2C000FFF706F80E4B1B78DA067FF5F9AD114B58
:10A2D0002A6D1B689A427FF4F3ADEB6E002B7FF47E
:10A2E000EFAD2846FEF76AF9074B1B689D4221D067
:10A2F0001BB3DA68954200F0E7811346F8E700BF28
:10A30000DD850020E8850020C4850020BF85002071
:10A31000D0850020E485002060500020EA6E002AED
:10A32000C9D16B832846FEF749F9AD4B1B689D42A6
:10A3300040F0EA81AA4AEB681360AA4BAA4A19685E
:10A340001D600A232B75E9600123137001F03CFAAC
:10A35000B6E5A64C25609FE56B8D002B00F0F980DB
:10A36000A24CC0E5A24BA349A348C22204F070F955
:10A370007DE49F4BA149A048DF2204F069F92389BD
:10A380009AE4BAF800206AB1D5F880603EB1286935
:10A390002946B0470D303FF4A6AD99F800300022B1
:10A3A000AAF80020D80600F1C680D8F80020002ABC
:10A3B00000F0E180AB6F43B14FF4F3728C4B9049E6
:10A3C0008D4804F045F9D8F800206B8B13F010038A
:10A3D00040F0ED80D5F88460002E00F027812869D8
:10A3E0002946B04710F10D0F3FF47DAD10B1D8F8FC
:10A3F0000030AB6799F80030990607D5AA6F002A9C
:10A4000000F0BF80517B41F0200151730022226097
:10A41000DA0600F19080284600F066FE63E5BCF89D
:10A420000C00FCF7D3FB10F004007FF4EEAB059AB0
:10A4300033681188734A1D8812680A447249096892
:10A4400002955B880193714B0093043300F06EFD1D
:10A45000FFF7DBBB6C496B6C096801338B427FF4FF
:10A46000C1AE6B64674B31681B68B5F832B05A1CDB
:10A470006A62EA62CA89013B6B65002362F30F03DB
:10A4800062F31F432B660423EE182B75304602F04F
:10A4900009FE324601465846FEF7EEFC41F21C1317
:10A4A0004100994202460E4638BF1E46B6EB820F67
:10A4B00068864FEA800040F2638183B2A5F8483095
:10A4C000B5F86630002B00F05381B5F866302E6F7A
:10A4D000013BA5F86630002E00F0458133682B67FC
:10A4E0003046FEF739F82B6F002B00F0398100233E
:10A4F00085F842302B86D5F8883033B128690022A0
:10A50000294698470D303FF4EEAC6B8B43F00203C5
:10A510006B83D5E43C4B2A6D1B689A427FF4D0AC28
:10A5200099F8003043F0080389F800306B8B23F072
:10A5300001036B83C4E46B8BDB063FF5CDACD5F830
:10A540009030002B3FF4C8AC28696FF00E0198479B
:10A55000C2E4284600F076FD02E7059B1A88294BE5
:10A560001B681A44284B1968BCF800300293BCF8E9
:10A570000230284666E713F020027FF43FAF2260E6
:10A5800049E72A8DD5F88460B2F5066F1CBF013209
:10A590002A85002E3FF43AAF002328691A4629463F
:10A5A000B0470D303FF49FAC99F800302EE71046CD
:10A5B000FDF72AF82846FEF78FF994E41B78D806B1
:10A5C0007FF57EAC104B2A6D1B689A427FF478AC05
:10A5D000EB6E002B7FF474AC06232B7570E400BF88
:10A5E000C4850020C0850020BF850020D4850020C0
:10A5F000A8010108B0030108F0F40008C003010835
:10A600005C050108E8850020E485002060500020FA
:10A610009A077FF555AC604B1A686B6A013B934211
:10A620007FF44EAC284600F001FC49E43346304646
:10A630002946FEF7F7FAD5E6AB69002B3FF4E5AA09
:10A6400028694FF0FF3249469847FFF7DEBA414686
:10A650004846FEF74DF8FFF7D8BA504B50495148DD
:10A6600040F2151203F0F4FFFFF7E5BBEB6F042295
:10A670002A75002B9ED09B69002B65D0286900228B
:10A6800029469847034600285AD12846FEF720FE5F
:10A69000BAF8003013B1013BAAF80030698E41F2DC
:10A6A0001C134A009A42164638BF1E46B6EB810F6D
:10A6B0004FEA810019D983B2A5F8483099F80030E3
:10A6C00099067FF5FDAB5EE5EA68DA6035E6334B67
:10A6D0003549344840F20D1203F0BAFFB8F1000FCB
:10A6E0003FF4A5ABEB68FFF79CBB9A4288BF93B2DF
:10A6F000E2E700297FF414AF284B2C4929484FF496
:10A700004E7203F0A5FF0BE7002B3FF416AEDA689C
:10A710009542D9D01346F7E7C0077FF536AC244BF6
:10A720001B682B6231E4CDE90131224B1968224BC1
:10A73000009332442846043300F0F8FBFFF765BA73
:10A740000D333FF4D0AB35E7144B1C4915484FF49B
:10A750006A7203F07DFFEB6F9B69002B8ED129E7B6
:10A760004FF0FF33C6E6EE6E76B13368EB66B7E6C0
:10A770000A4B13490B484FF45B7203F069FFA4E6E0
:10A78000994288BF8BB299E6044B0E4905484FF4B5
:10A790005D7203F05DFFE8E7E8850020A80101088D
:10A7A00094040108F0F4000868040108F0040108AA
:10A7B000D0850020E4850020605000203C05010881
:10A7C0001005010828050108024A137843F0100318
:10A7D00013707047DC8500202DE9F0470E469DF888
:10A7E00020A0904699460746002847D0002E4DD01D
:10A7F0000320FCF76DFC4FEA8A0505F004050446CA
:10A80000002851D080F80AA0328946600023AA426D
:10A8100003602BD3521B304622811421FCF742FEE9
:10A820000646002839D16368F88AD3F804A0C4F832
:10A830000CA0FCF7CBF9AAF80000388BE768FCF70E
:10A84000C5F978804846E768FCF7C4F9AD0205F51C
:10A85000A045786048EA0500E568FCF7B7F9E368C9
:10A86000A8819E74DE742046BDE8F087B022104BAC
:10A870001049114803F0ECFE3289CBE70C4B0F492D
:10A880000D48A32203F0E4FE002EB1D1084B0C4981
:10A890000948A42203F0DCFEAAE72046FDF75CFE8F
:10A8A00000242046BDE8F0873046FCF7ADFEF7E710
:10A8B000780501084C060108F0F4000808060108B4
:10A8C000280601082DE9F0470D46174604460028E2
:10A8D0003ED005F1140189B24FF420722220D4F841
:10A8E0002490E58AB4F818A0B4F82A80FCF7FAFEA0
:10A8F000064610B34389132B22D928467568FCF706
:10A9000065F928805046FCF761F96F606880484619
:10A91000FCF760F9A86045F21000FCF757F9A88130
:10A920004046FCF753F900232B746B74AB74EB7443
:10A93000628D636AE8811344E3623046BDE8F087C4
:10A94000074B0849084840F2237203F081FED4E720
:10A95000034B0649044840F2427203F079FEB8E71F
:10A96000780501088C060108F0F400086406010867
:10A970002DE9F04F0C4683B00646002800F0AF806A
:10A98000F56E002D00F0B680002C00F0B680B5F812
:10A990000890A1457FD9738EA342C0F0868095F8B8
:10A9A0000AA0A9EB04084FEA8A0B1FFA88F80BF0FB
:10A9B000040B0BEB080189B24FF420723620FCF730
:10A9C00091FE0746002800F0958068682A8903896F
:10A9D00079689B1A23449BB259444246FDF7F0F82C
:10A9E000404540F08480EB689889FCF7EFF810F060
:10A9F000080B5FFA80F852D108F03F08012318F0E5
:10AA0000010F18BF9B46EB68586818BF08F0FE0896
:10AA1000FCF7E0F8CDF800A023185A463946304636
:10AA2000FFF7DAFE8246002861D06868FCF74EFF27
:10AA30006A68B6F866301189A4EB0904A4B21B1A3F
:10AA40002144104689B2A6F86630FCF7E3FE2B8954
:10AA50001C44EB682C8140469C89FCF7B7F8EB68F6
:10AA6000044368689C81FCF731FFB6F86630034404
:10AA7000DAF80400A6F86630FCF728FFB6F866306E
:10AA800018442B68A6F86600CAF80030C5F800A084
:10AA9000DAF8003003B3002003B0BDE8F08F08F00F
:10AAA000370809234FF0080BA9E7194B19491A4831
:10AAB00040F25B3203F0CCFDB5F80890B9F1000F1D
:10AAC0007FF46DAF124B154913484FF4577203F0E2
:10AAD000BFFDB5F8089062E7A6F86830DBE70C4BDD
:10AAE0000F490D4840F24B3203F0B2FD48E73846BB
:10AAF000FCF78AFD4FF0FF30CEE7054B09490648C9
:10AB000040F2533203F0A4FD6FF00500C4E700BF2C
:10AB10007805010804070108F0F40008140701088B
:10AB2000BC060108E006010870B5044682B00028A2
:10AB300057D0E36E4BB11D461B68002BFBD1EB6871
:10AB40009889FCF743F8420753D000214FF4207254
:10AB50003620FCF7C7FD0146002862D00022E36DD5
:10AB6000009220460122FFF737FE0546002858D004
:10AB7000C3689B072DD12B89FBB9E36E3BB31A4603
:10AB80001B68002BFBD11560E26D638B686843F096
:10AB90002003002101326383A4F86810E265FCF70A
:10ABA00095FEB4F86630184480B2A4F8660008B187
:10ABB000236F5BB3002002B070BD1D4B1D491E48C2
:10ABC00040F2434203F044FDE36E002BD7D1E5662B
:10ABD000DAE7174B1949184840F2424203F038FDB2
:10ABE000C9E7134B1649144840F2EB3203F030FD2D
:10ABF0009FE7EB6801209E89FBF7E8FF638BEA681B
:10AC0000064343F0200396816383D3E7E36E002B72
:10AC1000D0D1074B0B49084840F2654203F018FDBC
:10AC2000C8E7638B43F0800363834FF0FF30C2E7D4
:10AC30007805010858070108F0F4000840070108EA
:10AC400024070108840701082DE9F04311F00307E8
:10AC500083B00E46044650D0002877D0C6F3400893
:10AC60004FEA88094FF4207249463620FCF73AFD36
:10AC7000054600287DD043894B4536D3CDF800806A
:10AC80002946E36D32462046FFF7A6FD054600281B
:10AC90006FD0C3689A0743D12B89002B4AD1E36E4A
:10ACA000002B51D01A461B68002BFBD115600023E6
:10ACB000A4F8683047B1E36D0133E365F30703D5CA
:10ACC000638B43F0200363836868FCF7FFFDB4F8EF
:10ACD0006630184480B2A4F8660010B1236F002BD0
:10ACE0003CD0002003B0BDE8F083254B2549264821
:10ACF00040F2394203F0ACFCC0E7214B2349224823
:10AD000040F2114203F0A4FC04B34FF42072394620
:10AD10003620FCF7E7FC054600282AD0B846ADE708
:10AD2000174B1B49184840F2424203F091FC2B8913
:10AD3000002BB4D0124B1749134840F2434203F0A2
:10AD400087FCE36E002BADD1E566B0E70C4B1249F2
:10AD50000D4840F2134203F07BFC7FE7E36E002BCB
:10AD6000BFD1074B0D49084840F2654203F070FC23
:10AD7000B7E7638B43F0800363834FF0FF30B1E7A5
:10AD80007805010824080108F0F40008AC07010860
:10AD90004007010858070108040801088407010852
:10ADA000F8B50546002832D0296F39B10C6864B176
:10ADB0000A4653689B7B012B224602D06FF00500A8
:10ADC000F8BD236813B11C46F3E70C4663689B7B10
:10ADD000012BF3D16B8BEA6E2260002643F40063F3
:10ADE0006B83E368C5E91B165868FBF7F3FEE3685D
:10ADF000248907469889FBF7E9FE10F0030318BF82
:10AE0000012327443B44EB646E633046F8BD044B9A
:10AE10000449054840F2636203F01AFCC4E700BF2E
:10AE20007805010860080108F0F40008F8B5074645
:10AE3000002832D03E6F56B373689B7B012B26D11E
:10AE4000FB6E32683A6707F16C051BB90FE02D689D
:10AE50002B6863B1DB685868FBF7BCFEF3680446F7
:10AE60005868FBF7B7FE241A002CF0DB2B68336020
:10AE70002E60336873B197F84230FF2B18BF01334F
:10AE80004FF0000018BF87F842307863F8BD6FF0CC
:10AE90000500F8BDA7F86830EDE7044B0449054804
:10AEA00040F2C16203F0D4FBC4E700BF780501089B
:10AEB00084080108F0F4000810B5044638B3236F85
:10AEC00013B1638B5B0700D510BD2046FFF7AEFFC3
:10AED0000028F9D1B4F86010B4F84830628E994275
:10AEE00028BF194650004B08B0EB510F618BA4F8F6
:10AEF0004A30024484BF83B2A4F84A30134441F07C
:10AF000004020021A4F848306283218610BD044B5E
:10AF10000449054840F2F96203F09AFBCFE700BF0D
:10AF2000780501089C080108F0F400082DE9F04FAD
:10AF300085B00646DDF838A0BDF83C40BDF840B00D
:10AF40000D4690461F46002B59D0BAF1000F60D035
:10AF50002846FBF73FFE4FF4207281461421222041
:10AF6000FCF7C0FB0546002846D04389132B36D991
:10AF700020466C68FBF72AFE20805846FBF726FE29
:10AF8000C4F8049060804046FBF724FEA06045F2C0
:10AF90001400FBF71BFEA08146F20800FBF716FE2B
:10AFA0000023E08123746374A374E374002E38D00B
:10AFB000307AE0B9504602F075F850B1F37AB67ABB
:10AFC000029006240096524639462846019402F023
:10AFD0007DF9284605B0BDE8F04FFCF715BB144BD2
:10AFE0001449154840F2237203F032FBC0E7FCF726
:10AFF00013FA0028E2D1ECE705B0BDE8F08F0C4B66
:10B000000E490D4840F2C47203F022FBBAF1000F62
:10B010009ED1074B0A49084840F2C57203F018FB5D
:10B0200096E7504602F03EF80028D2D0FF23C7E74B
:10B03000780501088C060108F0F40008BC08010836
:10B04000D808010870B5044684B0002838D0206DB7
:10B05000FBF7C0FD002102462046FFF733FC054602
:10B06000002835D0207A261D38BB304602F01AF869
:10B07000B8B10622A37A0093CDE9012021463246D9
:10B08000E37A284602F022F906462846FCF7BCFA85
:10B0900066B9638B23F003039BB23046638304B02D
:10B0A00070BD2846FCF7B0FA6FF00306638B30469C
:10B0B00043F00303638304B070BDFCF7ADF9D7E739
:10B0C000064B0749074840F2EA7203F0C1FABEE7AF
:10B0D000638B6FF0010643F00303DEE77805010898
:10B0E000F4080108F0F400082DE9F04F044685B09B
:10B0F000002800F0A781237D012B00F05681B24B80
:10B100001B68A34231D0E56EB4F84870B4F86060B3
:10B1100025B3207A04F10408002840F09B814046C2
:10B1200001F0C0FF8346BBF1000F00F0A781236848
:10B1300013B9DBF804302360EB68B742586828BFC6
:10B140003746FBF747FD2B89626C9B1A0344BB42D1
:10B150000FD9B4F86030BB4200F04481628B900795
:10B1600000F12B8122F080026283002005B0BDE84F
:10B17000F08F236F002284F89920002B00F0428189
:10B1800099461B68002BFBD15E460AE0BAF1000F1E
:10B1900040F0B6802846FDF7DFF9E56E002D00F09F
:10B1A0006881EB685868FBF715FD636CC01A2B8942
:10B1B0001844B84200F25281EB689889FBF706FD0B
:10B1C000410700F1B480236F5BB1628B12F0440F32
:10B1D00007D1E06E002800F0D6800368002B00F055
:10B1E000CD80237DD5F80CA0022B0AD01020BAF810
:10B1F0000CA0FBF7EBFC4AEA0000D5F80CA0AAF87B
:10B200000C006B689B7B012B52D1606AFBF7E2FC60
:10B21000CAF80800608DD5F80CA0FBF7D7FC628D4A
:10B22000636AAAF80E001344E362AB7AD5F80CA067
:10B23000DA0700F192800AF1140BB4F93030002BD8
:10B24000BCBF00232386636B002B7BD068684368F8
:10B250004189C0F804A0AAEB03039BB2C91A41813B
:10B2600001890022CB1A03818AF810208AF8112064
:10B27000AB7A13F0010F0CBF142318239A44D34563
:10B2800007D05249524B534840F21C6203F0E0F998
:10B2900068680296A37A009306230193E37A4246F4
:10B2A000214602F013F8002840F0DE80D5F80CA00B
:10B2B000237D2A68E266022B03D0638B23F003030D
:10B2C0006383DAF80400FBF785FCEB68B5F808B097
:10B2D00082469889FBF77AFC10F00303226DDA446A
:10B2E00018BF01235344D21A002AB8BF2365EB6864
:10B2F000B5F808A09889FBF769FC83073FF446AFCF
:10B30000236F00222A60D3B1EB685868FBF762FC18
:10B31000D9F80C3082465868FBF75CFCAAEB000AAF
:10B32000BAF1000F70DBC9F80050A94635E7284B89
:10B330002949284840F2365203F08AF943E7256745
:10B34000A9462AE7254B1B686363DAF80400FBF77C
:10B3500041FCD5F80CA0A06378E7424631464FF493
:10B360000670FDF789FD40F00170FBF733FC0AF130
:10B37000180BCAF81400D5F80CA05EE70189638E9B
:10B380009942BFF42EAFB4F86430002B3FF429AFDC
:10B39000B4F86630082B3FF624AF12F0A00F7FF40C
:10B3A00020AF00287FF4DEAE64E0094B0C49094869
:10B3B00040F2E34203F04CF9A1E6204605B0BDE8B7
:10B3C000F04FFFF73FBE00BFD48500206C09010895
:10B3D00078050108F0F4000854090108D085002020
:10B3E0002C090108236F002B7FF4B8AE94F8993034
:10B3F000002B7FF4B3AE4FF48072A4F8982084F849
:10B400009A30ABE69946BFE6236F04F1700B2BB977
:10B4100014E0DBF800B0DBF800307BB1DB68586883
:10B42000FBF7D8FBEB6882465868FBF7D3FBAAEB27
:10B43000000ABAF1000FECDBDBF800302B60CBF830
:10B440000050AAE60F4B1049104840F2E14203F0C9
:10B45000FFF850E6FBF7E0FF834664E6E06E628BA0
:10B4600000287FF47FAE05E0638B43F080036383A5
:10B470007CE6628B0023A4F8683073E66FF003006B
:10B4800074E600BF7805010814090108F0F400080B
:10B4900010B5044658B194F84230FF2B1CBF01335D
:10B4A00084F842302046BDE81040FFF71DBE044B33
:10B4B000044905484FF4D36203F0CAF8EBE700BF34
:10B4C0007805010880090108F0F4000810B5044669
:10B4D00018B1FFF765FC98B110BD0F4B0F4910482C
:10B4E00040F2AD6203F0B4F82046FFF759FC0028A3
:10B4F000F2D1094B0B490A484FF4D36203F0A8F884
:10B5000094F84230FF2B1CBF013384F842302046B0
:10B51000BDE81040FFF7E8BD78050108A40901085F
:10B52000F0F400088009010870B5044684B030B317
:10B53000206D0138FBF74EFB002102462046FFF745
:10B54000C1F9054618B3207A261DA8B9304601F086
:10B55000A9FDF8B10622A37A0093CDE90120214686
:10B56000E37A3246284601F0B1FE04462846FCF74D
:10B570004BF8204604B070BDFBF74EFFE9E7074BE0
:10B580000749084840F6240203F062F8D0E74FF07C
:10B59000FF34EEE76FF00304E8E700BF7805010829
:10B5A000C0090108F0F400082DE9F041044684B018
:10B5B000002867D0E56E002D42D094F89A30FF2B1A
:10B5C0001CBF013384F89A30EB689889FBF7FEFAC8
:10B5D000C30739D4EB6801215A682046FFF772F996
:10B5E0000646002859D0D6F8048068682A8903895D
:10B5F0009B1A08F114019BB20122FCF7E1FAEB68F7
:10B600005868FBF7E7FA236D01301B1A002BB8BF0F
:10B610002065207A251D90BB284601F043FD0028B7
:10B6200038D00622A37A0093CDE9012021462A468C
:10B63000E37A304601F04AFE05463046FBF7E4FF68
:10B64000284604B0BDE8F0812F89EB68391E5A689E
:10B6500018BF01212046FFF735F90646E8B1D0F8BA
:10B660000480002FC1D1B8F80C701120FBF7AEFA9E
:10B6700027F47C57BFB23843A8F80C00BFE7FBF7AC
:10B68000CBFECCE7064B0749074840F64F0202F0D5
:10B69000DFFF8FE76FF00305CFE74FF0FF35CFE710
:10B6A00078050108DC090108F0F4000870B50446CB
:10B6B00006200E461546FBF70BFD90B10D49446080
:10B6C000002303600B68C0E902651BB907E0194657
:10B6D0001B681BB15A68A21A002AF8DA03600860D6
:10B6E00070BDBDE87040044B04490548BE2202F01D
:10B6F000AFBF00BF14860020000A01085C0A0108E1
:10B70000F0F4000838B5436804469847F9F710F993
:10B710000A4B25681B680A498446E818A0EB0C030D
:10B72000002B224605DA05EB0C00BDE83840FFF798
:10B73000BDBFBDE83840FFF7B9BF00BF108600208D
:10B7400005B7000810B5FDF769FB174B1B68DBB1A7
:10B75000F9F7EEF804460620FA34FBF7B9FCD0B14D
:10B760001249134B83600B68446000220260C26080
:10B770001BB907E019461B681BB15A68A21A002AB8
:10B78000F8DA0360086010BD0A4B1B68002BDFD19C
:10B79000094A136010BDBDE81040084B084909482C
:10B7A000BE2202F055BF00BFC485002014860020D1
:10B7B00045B70008C08500200C860020000A01085B
:10B7C0005C0A0108F0F40008194B1A6802B17047CE
:10B7D000184A1268F2B110B501221A60F9F7A8F8F8
:10B7E00004460620FA34FBF773FCC0B11249134B30
:10B7F00083600B68446000220260C2601BB907E0EE
:10B8000019461B681BB15A68A21A002AF8DA0360AD
:10B81000086010BD0A4A1268002ADCD17047BDE8F2
:10B820001040084B08490948BE2202F011BF00BF72
:10B830000C860020C48500201486002045B700082F
:10B84000C0850020000A01085C0A0108F0F4000825
:10B850002DE9F0411F4C204F204D04F1100654F803
:10B86000088FB8F1804F26D2F9F762F80346062018
:10B870009844FBF72DFC30B32B68C0F804800022FD
:10B88000C0E9027402602BB15A68A8EB0202002AD8
:10B890000ADA03602860A642E1D1BDE8F0815A6867
:10B8A000A8EB0202002A03DB19461B68002BF6D125
:10B8B00003600860EFE70A4B0A490B4840F229127F
:10B8C00002F0C6FED0E7064B08490748BE2202F048
:10B8D000BFFEE0E70413010805B700081486002046
:10B8E000000A01089C0A0108F0F400085C0A01083B
:10B8F0002DE9F843F9F71CF8144E154C154F054681
:10B9000015E0236806201946DBB15A68A5EB020C46
:10B91000BCF1000F15DBD3E90289D3F800C0C4F8ED
:10B9200000C03A60FBF700FCB8F1000F0BD1337890
:10B93000002BE6D0FBF782FD236806201946002B7A
:10B94000E3D1BDE8F8834846C047F0E7BC85002056
:10B95000148600201086002008B502F079FD034B04
:10B960006FEA80406FEA9040188008BD3A010020DD
:10B970002DE9F04F884685B00746002800F0EB809F
:10B98000B8F1000F00F0F1807B89072B5DD9DFF85B
:10B99000AC927C68D9F80010D9F8140001F0A4FD2D
:10B9A00003902088FBF712F983466088FBF70EF9B5
:10B9B0009A4B039A1C680546002C00F0AA80B8F147
:10B9C000000F00F0DB80002A45D1D9F80410D9F827
:10B9D000140092461646964604E0E3682646002B7D
:10B9E00075D01C46638AAB42F7D194F808C0BCF10D
:10B9F000000F05D091F834300133DBB29C45ECD117
:10BA000023680BB18342E8D1237C5A0703D4BAF1EF
:10BA1000000F08BFA246A38A5B45DED163681BB155
:10BA2000D9F810209342D8D1A246002E53D07B4A99
:10BA3000E368F3601368E36014604CE0784B794985
:10BA400079484FF4B87202F003FE384605B0BDE8FD
:10BA5000F04FFBF7D9BD4FF0000AD9F80410D9F820
:10BA600014005646964603E0E36826467BB31C4620
:10BA7000638AAB42F8D194F808C0BCF1000F05D03E
:10BA800091F834300133DBB29C45EDD1D4F800C0DD
:10BA9000BCF1000F34D0431C00F0D280D8F808303D
:10BAA0008CEA000C1CEA030FDED1237C5B0740F11B
:10BAB000D980A38A5B45D7D16368002BB4D0D9F86D
:10BAC00010209342B0D0E3682646002BCFD17246B7
:10BAD000BAF1000F1DD008213846FBF713FD0028EE
:10BAE000ACD1DAF81840002CAFD0DAF81C004F4B7C
:10BAF000CDF800B03A465146A04705B0BDE8F08FFA
:10BB0000237C5B07D5D4BAF1000F35D0421CD0D1CD
:10BB10009DE0D8F80410D9F814300392994294D1DA
:10BB200008213846FBF7EEFC039A002886D1002A4C
:10BB30008BD1D9F8143003F0F003E02B85D0B9F89D
:10BB40000C100831384609B2FBF70AFD03213846CC
:10BB500001F010FA79E7324B35493348CF2202F031
:10BB600077FDB8F1000F7FF40FAF2D4B31492E4810
:10BB7000D02202F06DFD07E7A2469AE70397C2467E
:10BB80004646174604E0E3682646002B42D01C4692
:10BB9000638AAB42F7D18822214B2749224802F021
:10BBA00057FD227A3AB1D9F8043093F83430013392
:10BBB000DBB29A42E7D12368FFB143B1D9F8142030
:10BBC000501C04D000215A4089680A42DBD1227CF3
:10BBD000520706D4BAF1000F49D0D9F81420013227
:10BBE00047D0A38A5B45CED163681BB1D9F810203A
:10BBF0009342C8D1039FA24617E71BB1D9F814207E
:10BC00009342C0D1237C5907EBD4BAF1000F08BF8F
:10BC1000A246E6E73A46039F5AE700BF188600208F
:10BC2000D40A0108880B0108F0F4000860500020D5
:10BC30002C0B0108440B0108600B01085050002038
:10BC4000237C5A073FF535AFBAF1000F94D0D8F8EE
:10BC50000430DAF8002093423FF42BAF634508BF6D
:10BC6000A24626E7BAF1000F08BFA24621E7A24686
:10BC7000B7E70022DAF8001052689142B1D09A4238
:10BC800008BFA246ADE700BF414B2DE9F0410029B6
:10BC900014BF0C461C4600286CD03E4E3768002F5F
:10BCA00035D0B84218BF394602D138E0884236D084
:10BCB000C9680029FAD1002A34D025683B4615B955
:10BCC0001CE0DB688BB19842FBD0B3F812C09445FE
:10BCD000F7D11C68AC4201D0002CF2D16FF0070004
:10BCE000BDE8F0812568AEF800200560428299B178
:10BCF0000020BDE8F081DB68002BF6D09842FAD036
:10BD00005C8A9442EAD0DB68002BF7D1EDE7002A89
:10BD10002ED0236803604282C7603060E8E70121CB
:10BD2000002ACAD1DFF87CE0BEF800304FF6FF727F
:10BD300093421ABF01339AB24FF44042002FD1D040
:10BD40004FF480454FF6FF783B4602E0DB68002B5E
:10BD5000C8D0B3F812C09445F8D1013DADB29DB141
:10BD6000424502D0013292B2EEE74FF44042EBE797
:10BD70003946D7E7084B0949094840F2B73202F083
:10BD800067FC6FF00F00B4E7AEF80020A6E700BF35
:10BD90001C13010818860020D40A0108A40B01080E
:10BDA000F0F400083A0100202DE9F04F85B0DDE9FC
:10BDB0000EBA002800F082800D46002976D0904609
:10BDC000002A6BD0BAF1000F5ED0BBF1000F7DD01E
:10BDD000428A994604469AB32A894FF6F7739A42E3
:10BDE0004FD808212846FBF75DFB98BB2E46738988
:10BDF000072B3ED9608A7768FAF7E8FE3880484614
:10BE0000FAF7E4FE00237880BB71FB713089FAF702
:10BE1000DDFEB880CDF808B0A37A00931120E37A54
:10BE2000019042465146304601F0DCFAAE420746E8
:10BE300002D03046FBF7E8FB384605B0BDE8F08F8E
:10BE40000146FFF721FF07460028C5D0384605B058
:10BE5000BDE8F08F4FF4207208212220FBF742FC4E
:10BE6000064670B12B89002BC1D02946FBF794FD03
:10BE7000BDE71A4B1A491B4840F20D3202F0E8FBAD
:10BE8000B8E74FF0FF37D7E7144B174915484FF481
:10BE9000357202F0DDFB6FF00F07CDE70F4B134952
:10BEA000104840F2D32202F0D3FBF4E70B4B1049C9
:10BEB0000C4840F2D22202F0CBFBECE7074B0D49D5
:10BEC000084840F2D12202F0C3FBE4E7034B0A49E1
:10BED000044840F2D52202F0BBFBDCE7D40A01089B
:10BEE000680C0108F0F40008200C0108FC0B0108A4
:10BEF000DC0B0108BC0B0108440C01082DE9F041E2
:10BF000082B090B30F4631B30446007AB4F814807F
:10BF1000261DB8B1FBF780FAD0B12568B5B105F0A0
:10BF2000F003E02B12D043689D4211D12346CDE9A6
:10BF300000033246434639462046FFF735FF02B03C
:10BF4000BDE8F081304601F0ADF8E5E7031DEEE70E
:10BF50006FF00300F3E7094B09490A484FF4EB720D
:10BF600002F076FB6FF00F00E9E7044B0649054845
:10BF700040F2D51202F06CFBF4E700BFD40A0108CE
:10BF8000B00C0108F0F40008980C010870B510B36B
:10BF90000D4651B31646428A0446B2B117492A6883
:10BFA000237C62600A68A68243F00403237442B1D2
:10BFB000944208D0134601E09C4204D0DB68002B79
:10BFC000FAD1E2600C60002070BD0146FFF75CFE14
:10BFD0000028E3D070BD0A4B0A490B4840F23542B5
:10BFE00002F036FB6FF00F0070BD054B07490648A5
:10BFF00040F2364202F02CFBF4E700BF1886002026
:10C00000D40A0108C80C0108F0F40008E40C010887
:10C0100010B1C0E906127047034B0449044840F2CE
:10C020008A4202F015BB00BFD40A0108000D0108C6
:10C03000F0F4000810B50020FBF74AF8044628B1D8
:10C040002022002102F069FBFF23E372204610BD8D
:10C0500088B102687AB171B10B6863B10A4B1B6891
:10C060004BB110B41C68944206D0DB68002BF9D1A8
:10C070005DF8044B704770470A681A60DB68002B54
:10C08000F6D00268EEE700BF188600202DE9F04FD9
:10C0900087B007460192002800F0F880002A00F0DF
:10C0A00068814FF00A0CAC4D0295CDE903C1002325
:10C0B000A94605939E461C46624666460A2A99F89A
:10C0C000140051D068B13968D9F80450A9425BD046
:10C0D0000128B9F812A000F0C28053459CBF534616
:10C0E000264604F101081FFA88F00A280FFA88F89A
:10C0F00000F0B2810A2A00F0B781029D9246B34651
:10C100000BE093429CBF1346C34608F101081FFA97
:10C1100088F20A2A0FFA88F822D008EB480205EBC9
:10C12000C2024FEA4800147D40449146002CECD0F6
:10C1300039685668B14238D0012CB9F81220E0D1E4
:10C1400055F8300038B3964598BFC44608F1010849
:10C1500098BF96461FFA88F20A2A0FFA88F8DCD1AF
:10C1600004995E46544628E00028ACD104F1010849
:10C170001FFA88F8B8F10A0F1DD00FFA88F8224686
:10C1800009F11809444699E70199D9F80850A942DC
:10C190009ED126464EE00599914288BF0A460592F7
:10C1A000039A98BF42460392AFE792680199914281
:10C1B000C2D146463EE00499029D012940F0D68056
:10C1C000092C3BDD092E0EDC06EB4603B04655F884
:10C1D00033207400CAB1614B6149624840F26D126C
:10C1E00002F036FA03E0039E092E40DCB04608EB6D
:10C1F00048094FEAC9094FEA480455F8090020B137
:10C20000FBF702FA002345F8093004EB080305EBBD
:10C21000C30300221A752FB104EB080305EBC30317
:10C220003A685A6004EB080305EBC30300225A8204
:10C23000019A9A60304607B0BDE8F08F04EB4403E2
:10C2400005EBC303A0461B7D33B1444B464945482B
:10C250004FF4C27202F0FCF926466400DBE7D9F81D
:10C26000000048B1D6459CBFD646A44639E7BCF18C
:10C27000090F7BDC6646B9E70599514598BF5146E1
:10C280000591039998BF214603912AE7324D4FF05B
:10C290000A0C2A46814680460446E6466646CDF8A4
:10C2A0000CC0BEF10A0F137D34D03BB1012BB2F8A4
:10C2B00012A03BD0824524BF50462646631C9CB248
:10C2C0000A2C1BB224D0BEF10A0F09D1D0E0504590
:10C2D0009CBF50461E4601339AB20A2A1BB217D0A1
:10C2E00003EB430205EBC202147D002CF3D0012CBA
:10C2F000B2F812A0EBD11268FAB1D04598BF9C46B3
:10C3000003F101039AB298BFD0460A2A1BB2E7D1C3
:10C31000744652E7002BC9D1631C9BB20A2B3FF431
:10C320004CAF1BB2A64618321C46BAE7136863B17D
:10C33000C24524BFD046A446C0E7D145039A98BF62
:10C340001A46039298BFD146C5E7CA45039B24BF4E
:10C350002346D1460393B1E720860020180D01083B
:10C36000780D0108F0F40008900D01084FF0FF3639
:10C3700060E7414D4FF00A0C1446A846104692461D
:10C380009346E146E646CDF80CC0B9F10A0F98F89D
:10C39000146037D06EB13A68D8F804309A423FF44E
:10C3A000F8AE012EB8F812203FD0824224BF1046CA
:10C3B000A646631C9AB20A2A1EB22FD0B9F10A0F00
:10C3C0004ED0884608E090429CBF1046B6460136E3
:10C3D000B3B20A2B36B224D006EB460305EBC303F7
:10C3E0001C7D002CF3D05A68396891423FF422AF8B
:10C3F000012C5A8AE7D11B68FBB193459CBF934639
:10C40000B446E4E7002EC6D1631C9BB20A2B06D0CB
:10C410001EB2A14608F118083446B6E74C467646E7
:10C42000CBE641464C467646C7E6D8F8003063B1C5
:10C430005A4524BF9346A446BBE79245039B98BF49
:10C440003346039398BF9246C1E75245039B24BFEE
:10C45000234692460393ACE70499029D1446ACE64A
:10C4600008F11808344690E709F11809444625E612
:10C4700018321C4615E700BF208600202DE9F04742
:10C4800082B08846DDF82CA0BDF8344091461F46A6
:10C49000064600284AD04FF420721C210E20FBF7DC
:10C4A00021F90546002849D043891B2B36D920465F
:10C4B0006C68FAF78BFBE08096F83030062B06D0DC
:10C4C000204B2149214840F2694202F0C1F8396805
:10C4D000A160B988A181DAF80010C4F81210BAF886
:10C4E0000410E1820A990968C4F80E100C990968D1
:10C4F000A1611749216040F20641A18040F6060182
:10C500004B464246009130462946FAF727FB28461B
:10C51000FBF77AF8002002B0BDE8F087094B0D491F
:10C520000A4840F2624202F093F8C0E7054B0A491C
:10C53000064840F2574202F08BF8ACE74FF0FF306C
:10C54000E9E700BF180D0108F00D0108F0F400083C
:10C5500000010800BC0D0108E0F400082DE9F043DB
:10C56000DFF8D48002EB420608EBC60685B0337DC7
:10C57000012B144605460F464FEA420935D904EB14
:10C580004400C00000F10C06022B46440DD005F11A
:10C590002A084FF400630093424633463946284642
:10C5A000FAF7DCFA05B0BDE8F0834C4408EBC404AC
:10C5B000638AB3F58E7F21D8B3F5877FE7D3194B14
:10C5C000019304302B1D4044009305F12A080123F8
:10C5D000029003933246434641462846FFF74EFFFA
:10C5E0000028D6D103232375D3E70F4B0F491048FA
:10C5F00040F2EE2202F02CF8337DC0E7094B0193A4
:10C6000004302B1D4044009305F12A0801230290B9
:10C610000393084A434641462846FFF72FFF002868
:10C62000B7D1DFE73C120108180D0108340E0108EC
:10C63000F0F40008441201082086002070B51D4C5B
:10C6400084B0002604F1F0050AE0012A1FD0032A75
:10C650002DD0042A01D1022323741834AC4214D003
:10C66000227C002AF9D0E38901339BB2B3F5967F8F
:10C67000E381EAD354F8040C18B1FAF7C5FF44F883
:10C68000046C26741834AC42EAD104B070BD042B9B
:10C69000F0D803926068084A019200F12A03021D53
:10C6A00000920294054A1946FFF7E8FED5E70423F5
:10C6B0002374D2E7248600203C12010844120108AA
:10C6C00038B5574C237D054613B1A368984247D02F
:10C6D00094F82C3013B1236A9D424AD094F8443028
:10C6E00013B1A36B9D426ED094F85C3013B1236DEF
:10C6F0009D4252D094F8743013B1A36E9D4278D00D
:10C7000094F88C301BB1D4F880309D423BD094F823
:10C71000A4301BB1D4F898309D425ED094F8BC3060
:10C720001BB1D4F8B0309D4241D094F8D4301BB145
:10C73000D4F8C8309D4266D094F8EC301BB1D4F8E0
:10C74000E030AB4200D038BDD4F8D80020B1FAF7C1
:10C750005BFF0023C4F8D830002384F8EC3038BDE8
:10C76000206818B1FAF750FF0023236000232375D7
:10C77000AEE7A06918B1FAF747FF0023A3610023D1
:10C7800084F82C30AAE7A06F18B1FAF73DFF002318
:10C79000A367002384F88C30B9E7A06C18B1FAF7CE
:10C7A00033FF0023A364002384F85C30A2E7D4F8AD
:10C7B000A80020B1FAF728FF0023C4F8A83000230E
:10C7C00084F8BC30B1E7206B18B1FAF71DFF0023E5
:10C7D0002363002384F8443086E7D4F8900020B126
:10C7E000FAF712FF0023C4F89030002384F8A43035
:10C7F00094E7206E18B1FAF707FF002323660023A1
:10C8000084F874307CE7D4F8C00020B1FAF7FCFE5D
:10C810000023C4F8C030002384F8D4308CE700BF74
:10C820002086002000297FD02DE9F04F466833880C
:10C83000B3F5807F87B0044602D13379062B05D04B
:10C84000204607B0BDE8F04FFAF7DEBE7379042B3F
:10C85000F6D17388082BF3D14F68D6F80EA0B369D0
:10C86000CDF814A00D4606F10808002F63D14FF053
:10C87000020B95F83030062B62D1BAF1000F3ED092
:10C880002946504600F030FE8146C0BB0AF0F00A4F
:10C89000BAF1E00F33D059462A4605A8FFF7F6FB58
:10C8A000031E2CDB2B4903EB430201EBC20C0220DD
:10C8B0008CF814004FF0180E0C20CCF8085013FB25
:10C8C0000E03D8F80000C8500B44B8F80400988054
:10C8D000D200ACF8129051F802A0BAF1000F0ED0BD
:10C8E0004FF4006341F802902846009305F12A02B4
:10C8F00043465146FAF732F95046FAF785FEF38877
:10C90000B3F5807F9CD1002F9AD00222039205AA12
:10C9100005F12A0302922A1DCDE900281946424654
:10C920002846FFF7ABFD8BE70B4B0C490C4840F258
:10C930008A2201F08DBE9F420AD10127BB4698E7AB
:10C94000054B0849064840F2A91201F081FE94E720
:10C9500000278CE720860020180D0108E0F400086D
:10C96000F0F40008840E01082DE9F04F054685B06B
:10C9700008680E462946174600F0B6FD002840F02C
:10C98000A480336803F0F002E02A00F09E80002BC0
:10C9900000F09B802A4601213046FFF777FBB0F17B
:10C9A000000862DB1FFA88F37E2B56D85FFA88F8FE
:10C9B000474C08EB480904EBC90905F12A0B99F823
:10C9C00014304FEA480A002B32D101230296C9F8ED
:10C9D0000850039389F814303E4B01932B1D0093AC
:10C9E0003D4A5B4659462846FFF748FD97B399F8FC
:10C9F0001430012B1FD82DD1384EDFF8F0B0DFF8FE
:10CA0000E8903D4605E02B7B5B0652D42D68002D57
:10CA10003ED06A892B899A42F5D12A683346002A8A
:10CA2000F1D040F2F1325946484601F011FEEAE7F2
:10CA300007B3012BE0D0182303FB0843284C84F8EC
:10CA400000804FF400645A46394628460C3300945F
:10CA5000FAF784F805B0BDE8F08F204B2149224851
:10CA600040F2C13201F0F4FDA0E74FFA88F005B0C2
:10CA7000BDE8F08F174A012303932B1DCDE9012652
:10CA80000093154A5B4659462846FFF7F7FCE1E755
:10CA90003846FAF725FF0AEB080354F8330008B1CB
:10CAA000FAF7B2FDD044002044F8387005B0BDE874
:10CAB000F08F3A464FF420710E20FBF7CDF8074671
:10CAC0004FF0FF30002FE6D1C4E76FF00F00C1E751
:10CAD000208600203C12010844120108180D0108AC
:10CAE0001C860020A80E0108F0F40008B80E01080A
:10CAF0002DE9F0410E4684B015460446002800F0AA
:10CB0000C380002E00F0AE80002D00F0B5802868B4
:10CB1000214600F0E9FC0246002840F0A180296887
:10CB200001F0F003E02B7DD06368A0684B40034226
:10CB30000AD088B24FF6A963984205D0E16800296F
:10CB400000F0FD8004F10C05DFF814827D4B98F8AD
:10CB500000C00CEB4C0003EBC00090F814E0BEF1F9
:10CB6000010F03D98768A74200F09980187D01283A
:10CB700003D99868844200F09E8093F82C20012A03
:10CB800003D91A6A944200F09F8093F84420012A46
:10CB900003D99A6B944200F09D8093F85C20012A9F
:10CBA00003D91A6D944200F09B8093F87420012AF7
:10CBB00003D99A6E944200F0998093F88C20012A50
:10CBC00004D9D3F88020944200F0968093F8A420F2
:10CBD000012A04D9D3F89820944200F0938093F866
:10CBE000BC20012A04D9D3F8B020944200F09180EF
:10CBF00093F8D420012A04D9D3F8C820944200F035
:10CC00008F8093F8EC20012A04D9D3F8E020A242C7
:10CC100000F08D8032462946204604B0BDE8F04140
:10CC2000FFF7A2BE6B78EA78A9788DF80D2003F0A3
:10CC30007F0301205E228DF80B30ADF808008DF8DF
:10CC40000C1002AB8DF80A204FF4006200923146BE
:10CC500004F12A022046F9F781FF04B0BDE8F08113
:10CC6000394BF1E7394B3A493A4840F21F3201F06B
:10CC7000EFFC002D7FF44BAF344B374935484FF470
:10CC8000487201F0E5FC42E7304B3449314840F24C
:10CC90001E3201F0DDFC002E7FF436AFE2E7406883
:10CCA00081427FF463AF62463146204604B0BDE85E
:10CCB000F041FFF753BC586881427FF45EAF3146C4
:10CCC000204688F80020F1E7DA6991427FF45DAFF1
:10CCD0000122F4E75A6B91427FF45FAF0222EEE744
:10CCE000DA6C91427FF461AF0322E8E75A6E914219
:10CCF0007FF463AF0422E2E7DA6F91427FF466AF1C
:10CD00000522DCE7D3F8942091427FF468AF062235
:10CD1000D5E7D3F8AC2091427FF46AAF0722CEE783
:10CD2000D3F8C42091427FF46CAF0822C7E7D3F850
:10CD3000DC30994208BF09227FF46CAFBFE76FF087
:10CD400003008AE72086002044120108180D01081C
:10CD5000D40E0108F0F40008640E0108E0F40008A5
:10CD60001C8600202DE9F041054682B0884600F17E
:10CD70002A07002849D04FF420721C210E20FAF710
:10CD8000B1FC0646002848D043891B2B35D9012029
:10CD90007468F9F71BFFE08095F83030062B06D059
:10CDA0001F4B2049204840F2694201F051FCD5F860
:10CDB0002A30A3601D4BBA8819689B88A281C4F8E9
:10CDC0001210E3826B68C4F80E30D8F80030A3610B
:10CDD000174B236040F6060140F20643A3803A4613
:10CDE000144B009128463146F9F7B8FE3046FAF761
:10CDF0000BFC002002B0BDE8F081094B0E490A4847
:10CE000040F2624201F024FCC1E7054B0B490648A1
:10CE100040F2574201F01CFCADE74FF0FF30E9E76C
:10CE2000180D0108F00D0108F0F400083C1201088B
:10CE30000001080044120108BC0D0108E0F40008DC
:10CE40002DE9F043454FD7F8088098F8004004F0EA
:10CE50000F04A400132C85B0054613D94389032B76
:10CE600010D943681B78082B0CD1786900F0F003C7
:10CE7000E02B07D00E46396800F036FB10B92B893D
:10CE8000072B05D8284605B0BDE8F043FAF7BCBB30
:10CE900004F10E0949462846FAF704FB002842D05F
:10CEA0002B89E11889B28B42ECD84FF420720E2006
:10CEB000FAF718FC81460028E4D0428904F10803FF
:10CEC0009A423DD341464068224601F09CFC2146EF
:10CED0004846FAF717FB002836D129464846FAF7A4
:10CEE000B9FD68BB2846FAF78FFB4D462146284618
:10CEF0006C68FAF7D7FA02460028C3D1D7E90430A4
:10CF000069680B61FF23C8602270A270E2700B7227
:10CF10008A72CA720121CDE9011600921049284691
:10CF200000F0D4F9AEE749462846FAF7EBFA0028B4
:10CF3000DCD00C4B0C490D48C72201F089FBA1E75E
:10CF40004846FAF761FB9DE7064B09490748B622B8
:10CF500001F07EFB4846FAF757FB93E7505000205C
:10CF600064500020E00E0108780F0108F0F400087A
:10CF7000400F01082DE9F0414FF4207286B00646BB
:10CF8000884622202421FAF7ADFB70B34389232B76
:10CF900005462DD96C68736884F801800322002748
:10CFA0002270676018685A689E68D9686161A060DD
:10CFB000E260266118695A699E692662A061E26191
:10CFC000DB68059305A800F06DF858B10123A77040
:10CFD000E77005AACDE901300097FF2339462846BE
:10CFE00000F074F92846FAF70FFB06B0BDE8F081AF
:10CFF000034B044904484FF4B47201F029FBC9E71C
:10D00000E00E0108AC0F0108F0F400082DE9F04132
:10D010004FF4207286B00646884622202421FAF773
:10D0200061FB70B34389232B05462DD96C68736867
:10D0300084F801800B2200272270676018685A6804
:10D040009E68D9686161A060E260266118695A69CA
:10D050009E692662A061E261DB68059305A800F085
:10D0600021F858B10123A770E77005AACDE9013076
:10D070000097FF233946284600F028F92846FAF79A
:10D08000C3FA06B0BDE8F081034B044904484FF4ED
:10D09000B47201F0DDFAC9E7E00E0108AC0F010837
:10D0A000F0F4000830B4194B1B68ABB193F8312091
:10D0B000D407F9D55107F7D559680029F4D0046889
:10D0C0009D686140294204D09207EDD4DA68944209
:10D0D000EAD1184630BC70470D4B1B68002BF8D0C6
:10D0E00093F8312002F00502052A08D15A6852B19E
:10D0F00002787F2A08BF0023184630BC70470023FF
:10D10000184630BC70471346E3E700BFB8850020DF
:10D11000B48500202DE9F84347683B781A09042AB2
:10D12000044672D103F00F0378889D000E46F9F78C
:10D130004DFD2389834280466DD86389AB4264D319
:10D140002389434561D3132D5FD93A69DFF878917C
:10D1500096F83180F86802F0F001E029C9E904028C
:10D1600008F001035CD1002B7FD14FF0000831465D
:10D1700000F0BAF9002848D1D9F8103003F0F003D4
:10D18000E02B42D0B8F1000F3FD0FB8823F0C00362
:10D190002BB1204600F0E6FA0446C8B34768C9F848
:10D1A0000870C9E900863B7803F00F039B0029460D
:10D1B0002046A9F80C30FAF7A5F97B7A062B72D035
:10D1C000112B66D0012B69D0D9F81400414600F02C
:10D1D0008BF968B9D9F8143003F0F003E02B07D0CD
:10D1E00029462046FAF7BCF902212046FFF7C2FE85
:10D1F0002046FAF709FA0023C9E90033C9E90433E4
:10D20000C9F80830A9F80C3002E02046FAF7FCF91A
:10D210000020BDE8F88301462046FAF7FBFA8CE7C8
:10D2200053BBD2B27F2A43D0264BD3F80080B8F14B
:10D23000000F08D13CE000F057F998B9D8F8008009
:10D24000B8F1000F0ED04645F8D098F83130DB0722
:10D25000F4D5D8F80430002BF0D0D9F8140083426C
:10D260004146E8D1D9F8100081E77368002B14BF5C
:10D27000B0464FF000087AE77368002BD1D09A428D
:10D2800019D01046314600F02FF9B0B9D9F8142062
:10D29000C7E731462046FEF76BFBACE73146204638
:10D2A000FFF7CEFDA7E731462046FCF7A1FCA2E739
:10D2B000D9F8100059E7B04659E7D9F81000B04640
:10D2C00055E700BFB8850020505000202DE9F04FF1
:10D2D00083B099469DF830A09DF834B0DDF83880D1
:10D2E000837B0446002A4ED00F46164609B10A68D1
:10D2F0000AB908F10407012B06D0354B35493648E9
:10D300004FF4557201F0A4F914212046FAF7CAF837
:10D3100000285AD163896568132B46D985F808908F
:10D3200085F809B0452233682A7085F801A02B6181
:10D330002089DFF8ACA0F9F749FC4FF000096880BC
:10D3400085F80690BAF8000085F80790F9F73EFCDA
:10D350003B68EB60BAF80030A880013385F80A908A
:10D3600085F80B90AAF80030B8F8283013B122895C
:10D370009A4222D8D8F8143032462146404698477F
:10D3800003B0BDE8F08F012B07D16389132B1CD9A3
:10D3900063681B69019301AEE6E70D4B0D490E482A
:10D3A0004FF4557201F054F9EFE7094B0B490A4865
:10D3B0004FF4627201F04CF9B0E732464146204624
:10D3C00000F0FEFB03B0BDE8F08F6FF00100D7E77F
:10D3D000D80F010864100108F0F4000834100108A7
:10D3E000108700202DE9F04F9946837B83B0012BF5
:10D3F0009DF830A09DF834B0DDF8388004460F4623
:10D4000016463DD1002E44D014212046FAF74AF8A2
:10D41000002859D163896568132B42D985F8089093
:10D4200085F809B0452233682A7085F801A02B6180
:10D430002089DFF8B090F9F7C9FB00236880AB7151
:10D44000EB71B9F80000F9F7C1FBB9F80030A8801A
:10D450000133A9F8003067B33B68EB600023AB727F
:10D46000EB72B8F8283013B122899A4224D8D8F840
:10D470001430324621464046984703B0BDE8F08F4D
:10D48000134B144914484FF4557201F0E1F8002E83
:10D49000BAD16389132B17D963681B69019301AE55
:10D4A000DFE70B4B0D490C484FF4627201F0D0F8E6
:10D4B000B4E70B4B1B68D0E732464146204600F0EC
:10D4C0007FFB03B0BDE8F08F6FF00100D5E700BF30
:10D4D000D80F010864100108F0F4000834100108A6
:10D4E0001C13010810870020421E0332034615D882
:10D4F00091F8310010F002000FD04A689A420BD028
:10D5000089685A400A4207D1C84323EA0103181A1E
:10D51000B0FA80F040097047002070470120704742
:10D5200010B5044648B1606908B1FAF76DF82146B4
:10D530000520BDE81040F9F7F7BD044B0449054844
:10D5400040F2CE2201F084F8EDE700BF7010010830
:10D55000D4100108F0F4000881422DE9F84F80460C
:10D56000894600F08180B9F1000F09D0D9F8003068
:10D57000434505D0444B45494548AD2201F068F884
:10D58000D8F804506B689A88002A44D00026DFF847
:10D59000F8B0DFF814A16B6828461F68FAF796F90F
:10D5A00004463444B4F5803F2846A6B204DAFAF7BC
:10D5B0002BF867B13D46EEE735485B46CC22514635
:10D5C00001F046F82846FAF71FF8002FF2D1314B48
:10D5D0001A68904544D0B9F1000F4CD0D8F800300B
:10D5E000C9F800302C4C41460420F9F79DFD2388F2
:10D5F000B34204D39B1B23803046BDE8F88F224BF7
:10D6000026492348D22201F023F823889B1B23803C
:10D610003046BDE8F88F1A68D8F80C00D8F810101A
:10D62000C8F80420D8F81440D8F808201A605860C8
:10D630009960DC60D8F818201A6101212846FFF7AC
:10D64000E5FC2846FAF742F906462846F9F7DCFFDA
:10D65000D8F80450002D9AD10E4B1A689045BAD1D3
:10D66000D8F800201A60BDE7074B0D490848AB22E7
:10D6700000F0EEFF77E7044B0A49054840F24512F7
:10D6800000F0E6FFAAE700BF70100108EC100108E7
:10D69000F0F4000814870020128700203C110108D4
:10D6A000E010010820110108001101082DE9F843DC
:10D6B000DFF87C8005460E460027D8F800309BB383
:10D6C000D5F80CE05A69002472452146A44620464C
:10D6D0000FD00134D0B1C27F93F81F9091459CBF09
:10D6E000614618461A689C46B2B113465A6972459B
:10D6F000EFD19A69D5F810904A45EAD1B3F80C9069
:10D70000AA889145EED001340028E4D11A68614618
:10D7100018469C46002AE8D110B1FFF71DFF0744C8
:10D72000B74201DA012CC8DC3846BDE8F88300BFF7
:10D730001487002038B50A4B1C684CB10025E37FE4
:10D7400020465A1E246823B1C2770546002CF6D124
:10D7500038BD2946FFF700FF002CF0D1F8E700BFE5
:10D76000148700202DE9F04F47683B7803F00F0342
:10D77000052B85B0054640F0BE80F888F9F726FAFB
:10D7800006467888F9F722FA3B7803F00F03B0EBEE
:10D79000830F4FEA8302C0F0AE80831A9BB2DFF89A
:10D7A000189400932846FAF791F8B9F8003003442A
:10D7B0000A2B804600F3BA80DFF800A4DAF80040B4
:10D7C000002C00F0C080FA6803E02468002C00F010
:10D7D000BA8063699342F8D13B69A1699942F4D157
:10D7E000A189BB889942F0D1F888F9F7EFF9C0F325
:10D7F0000C00002800F08780FB88C6F30C0613F0AD
:10D8000020034FEAC606029308D1009BF3189BB28F
:10D810009E4263D84FF6EB7293425FD86F68788868
:10D82000F9F7D4F93B7803F00F03B0EB830F4FEA1D
:10D83000830253D3831AF8889FB2F9F7C7F9C0F36C
:10D840000C01C9007B186F68FB809BB21A460393DA
:10D8500091424FF00003B9803B707B70BB70FB704E
:10D860003CD862680192002A00F00E814FF0010B53
:10D870008C460EE03FD0B3F806E0F4453BD321B12F
:10D88000CA88824218BF4FF0000B1A68002A00F0C5
:10D89000C0801946536898888445EBD263468C460D
:10D8A0003A601946BCF1000F63D0BCF806309942CB
:10D8B00021D3039A82421ED89942CCF8005000F03E
:10D8C000BD800299A27FB9F80030002900F0CE8017
:10D8D000B9F800304344A9F800300FE0666856B943
:10D8E000DAF80030A34271D12368CAF8003021462B
:10D8F0000420F9F719FC2846F9F786FE0026304681
:10D9000005B0BDE8F08FE089F9F760F9C0F30C00CD
:10D9100000283FF471AF3B687968BA68F8686061C5
:10D92000A360E16022613B69A36165E70146384677
:10D93000FFF7BCFE0028DED0B9F8003043440A2BC4
:10D940007FF73AAFD7E70420F9F7C2FB0446002877
:10D9500051D00023E361A360E36023616361A361AD
:10D960006360DAF8003023600F23CAF80040E377E1
:10D97000D1E7039B8342BED8029B6560002B61D038
:10D98000A37FDA07A4D5BBF1000FA1D06A68938802
:10D99000002B9DD13B681BB9ECE03B68002B7CD091
:10D9A00039465F68C988BB889942F6D0B9F800301B
:10D9B0004344A9F80030029B002B9FD1A37F009A1B
:10D9C00043F001031644A683A37797E7734B74498A
:10D9D000744840F2AB2200F03BFEDAF800309C4283
:10D9E00082D06E4B70496F4840F2451200F030FE15
:10D9F00023683360FFDE41463846FFF757FE804517
:10DA00003FF779AF0420F9F763FB04460028A0D163
:10DA100071E7F4451D6011D0B9F800300299A27F7A
:10DA200043449BB200297FF456AF0099A9F8003017
:10DA30000E4442F00102A683A2775FE7029BF3B196
:10DA4000019D9DE7BBF1000F13D06A689388002BFE
:10DA5000A0D0009B1E44A37FA68343F00103A377BD
:10DA6000B9F800304344A9F8003047E743449BB27B
:10DA7000DBE7B9F80030A27F43449BB2D5E7BBF1A6
:10DA8000000FF6D0019DE0E7029B6560002BDCD023
:10DA9000A37FDB077FF51CAF78E797426CD03B682C
:10DAA00033B13E4B41493F484FF4F17200F0D0FD95
:10DAB000B9F800304344A9F80030029B002B50D045
:10DAC000A08B636865695E68E168A3682269B260DB
:10DAD000F560716035683360A3693361143080B2DA
:10DAE000F9F774F800237080B371F371B372F372B5
:10DAF00066685DB16F6814212846F9F703FD294671
:10DB00003046F9F701FF3D68002DF3D1DAF80050F7
:10DB1000A54206D0002D37D02B68A34214D01D4655
:10DB2000F8E72368CAF8003021460420F9F7FCFA28
:10DB30003046F9F7CBFEB9F800308342044606D3ED
:10DB40001B1BA9F80030DAE623682B60ECE7134BC7
:10DB50001749144840F29B2200F07AFDB9F80030D2
:10DB6000EEE70098A37F304480B243F00103A08326
:10DB7000A377A6E797429BD1084B0E4909484FF47B
:10DB8000F07200F065FD8AE7044B0749054840F252
:10DB9000451200F05DFD23682B60FFDE7010010868
:10DBA000B0110108F0F400082011010870110108FB
:10DBB00094110108601101081287002014870020C9
:10DBC0002DE9F04F0B8DD0F804A08DB0834607915E
:10DBD000B3F1140148BFA3F10D01C1F3CF030693C4
:10DBE0009AF800300A9203F00F03052B4FEA8307DF
:10DBF00040F0E0804389132B40F2D580BAF806004C
:10DC0000F8F7E4FFBBF80810143900F4005389B2A8
:10DC1000C0F30C0E0B93002900F0A480069BCDE905
:10DC2000041EDB009BB25D4608930024D346089B8C
:10DC3000049EB34228BF33464FF4207214210E20B5
:10DC40009A46F9F74FFD8146002800F09A804389F3
:10DC5000132B40F29980D9F80430DBF80020DBF870
:10DC60000400DBF80810DBF80C60DE601A60586016
:10DC70009960DBF810201A61D9F804300993BAF1E1
:10DC8000000F00F08D806B89DC1BBB42A4B206D272
:10DC90004A494B484B4B40F22D3200F0D9FCCDE9BC
:10DCA00002AA029B9C4228BF1C460520002C5DD086
:10DCB000F9F70EFA80464122214600204346B8F18A
:10DCC000000F5BD001946E6806EB070CCDF800C026
:10DCD000F9F7C8FB82462846BAF1000F4AD0F9F797
:10DCE000FFFD394BC8F81030C8F81450514648466B
:10DCF000F9F70AFE029B1E1BB3B20293002B35D12B
:10DD00002744DDF80CA0BFB2079B059A1B8DC2F318
:10DD10000C00049A133B93423EDC40F40050F8F7A9
:10DD200055FF099EF0800AF1140080B2F8F74EFF0B
:10DD3000708007980A9A0023B372F37249464369C8
:10DD400098474846F9F760FC049BA3EB0A0ADDE913
:10DD5000053213449BB21FFA8AF204920593002AFB
:10DD60007FF465AF00200DB0BDE8F08F2D6800276F
:10DD70006C8996E741460520F9F7D6F94846F9F748
:10DD800043FC4FF0FF30EEE70E4B10490C484FF4C8
:10DD9000497200F05DFC5EE70B9B002BBFD0BCE737
:10DDA0002744BFB2B0E7074B094905484FF43F721B
:10DDB00000F04EFC6FF00500D5E700BF0C12010823
:10DDC000F0F400087010010821D50008EC110108DA
:10DDD000D0110108034AD2F8883043F47003C2F826
:10DDE0008830704700ED00E001207047024B16229A
:10DDF0001A604FF0FF30704758880020014B162200
:10DE00001A60FEE75888002070B5161E07DD0C4624
:10DE10008D19AFF3008004F8010BA542F9D130460B
:10DE200070BD00BF70B5161E07DD0C468D1914F8C5
:10DE3000010BAFF30080A542F9D1304670BD00BFA1
:10DE40004FF0FF30704700BF4FF400534B6000208D
:10DE5000704700BF01207047002070470D490E4AEF
:10DE60000B6810B40D4C121B83B11844904204D8B7
:10DE700008605DF8044B18467047094B5DF8044B89
:10DE80000C221A604FF0FF3318467047054B0B60A9
:10DE9000EBE700BF1887002000000320000400000B
:10DEA0005888002068880020DFF834D00D480E49DB
:10DEB0000E4A002302E0D458C4500433C4188C42E4
:10DEC000F9D30B4A0B4C002301E013600432A24249
:10DED000FBD3FFF77FFF00F06FFCF5F79FFB704768
:10DEE00000000320000000209C01002028140108ED
:10DEF000A001002068880020FEE7000038B52DED65
:10DF0000028BB0EE418AF0EE618A55EC104B00F0C6
:10DF100045F830B9B0EE480AF0EE680ABDEC028B65
:10DF200038BDB0EE480AF0EE680A00F037F838B1B4
:10DF300053EC182B20462946F2F786FD0028E9D03D
:10DF4000BDEC028B45EC104B38BD00BF38B52DED54
:10DF5000028BB0EE418AF0EE618A55EC104B00F076
:10DF60001DF830B9B0EE480AF0EE680ABDEC028B3D
:10DF700038BDB0EE480AF0EE680A00F00FF838B18C
:10DF800053EC182B20462946F2F740FD0028E9D033
:10DF9000BDEC028B45EC104B38BD00BF53EC102B91
:10DFA000002B10460BD0B3F1004F08D0104923F0DE
:10DFB0000042A2F5801C8C4506D80420704700283A
:10DFC0000CBF022003207047B3F5801F0DD303F16F
:10DFD0000043B3F5801F08D3064B9A4201D00020BE
:10DFE0007047B0FA80F0400970470320704700BFC7
:10DFF000FFFFDF7F0000F07F51EC100BC1F30A53ED
:10E000002DE9F041A3F2FF35132D0C46064632DC14
:10E01000002D20DB384B43FA05F801EA08030343DF
:10E020000F462DD032A3D3E90023F2F7C7F8002220
:10E030000023F2F709FD40B1002C03DA4FF48013FE
:10E040002B411F4427EA080400262346324643ECAE
:10E05000102BBDE8F08126A3D3E90023F2F7AEF838
:10E0600000220023F2F7F0FC0028EED0002C2ADB7F
:10E0700000263446E9E7332D06DDB5F5806F1BD069
:10E0800041EC100BBDE8F081A3F213434FF0FF37D2
:10E09000DF400742F4D016A3D3E90023F2F78EF84D
:10E0A00000220023F2F7D0FC0028CED0002C33460B
:10E0B00010DB23EA0706C8E702460B46F2F77EF8B4
:10E0C00041EC100BDEE724F0004426430DD14FF065
:10E0D0000044BAE7142D06D0C5F134050122AA4048
:10E0E0001344B342E5D20134E3E7044C0026ACE725
:10E0F0009C7500883CE4377EFFFF0F000000F0BFF6
:10E1000010EE102AC2F3C7537F3B162B22F00041BA
:10E1100029DC002B104618DB1A4919410A4221D08C
:10E12000DFED197A70EE277AF5EEC07AF1EE10FA8B
:10E1300018DD002A04DA4FF4000242FA03F318440F
:10E1400020EA010300EE103A7047DFED0F7A70EE1F
:10E15000277AF5EEC07AF1EE10FA03DD002A08DB2B
:10E160009FED0A0A7047B1F1FF4FFBD330EE000A72
:10E170007047DFED077A0029BFEE000A08BFB0EE56
:10E18000670A7047FFFF7F00CAF249710000000074
:10E19000000000802DE9F047089D0E4604460F461A
:10E1A000002B4AD194468C45B2FA82F260D942B132
:10E1B000C2F12003974020FA03F30CFA02FC1F433C
:10E1C00094404FEA1C4E1FFA8CF6B7FBFEF1230C6D
:10E1D0000EFB117743EA074301FB06F098420AD988
:10E1E0001CEB030301F1FF3780F01581984240F2E8
:10E1F0001281023963441B1AA4B2B3FBFEF00EFB7A
:10E20000103344EA034400FB06F6A6420AD91CEB8D
:10E21000040400F1FF3380F00081A64240F2FD804B
:10E220006444023840EA0140A41B00211DB1D440DF
:10E230000023C5E90043BDE8F0878B4205D90DB145
:10E24000C5E9000100210846F5E7B3FA83F100298A
:10E2500046D1B34202D3824200F2F580841A66EBC3
:10E26000030201201746002DE5D0C5E90047E2E78B
:10E27000002A40F09380A1EB0C034FEA1C471FFAE1
:10E280008CFE0121B3FBF7F607FB1630230C43EAA3
:10E2900000430EFB06F0984208D91CEB030306F17D
:10E2A000FF3802D2984200F2D08046461B1AA4B230
:10E2B000B3FBF7F007FB103344EA03440EFB00FE08
:10E2C000A64508D91CEB040400F1FF3302D2A64591
:10E2D00000F2B6801846A4EB0E0440EA0640A5E71B
:10E2E000C1F120078B4022FA07FC4CEA030C06FA26
:10E2F00001FE20FA07F426FA07F344EA0E0400FAB6
:10E3000001F84FEA1C404FEA1449B3FBF0FE1FFA34
:10E310008CF600FB1E3349EA03430EFB06F99945D0
:10E3200002FA01F20BD91CEB03030EF1FF3A80F065
:10E330008580994540F28280AEF1020E6344A3EBE2
:10E340000909A4B2B9FBF0F300FB139944EA0944AC
:10E3500003FB06F6A64208D91CEB040403F1FF30C8
:10E3600068D2A64266D9023B644443EA0E40A41B2D
:10E37000A0FB02E6B4427346B14652D34FD05DB122
:10E38000B8EB030264EB090404FA07F722FA01F37D
:10E390001F43CC40C5E9007400214CE7C2F12001C5
:10E3A00020FA01F30CFA02FC26FA01F196403343FD
:10E3B0004FEA1C471FFA8CFEB1FBF7F007FB101663
:10E3C000190C41EA064100FB0EF68E4204FA02F4F3
:10E3D00008D91CEB010100F1FF382DD28E422BD958
:10E3E00002386144891B9BB2B1FBF7F607FB16119B
:10E3F00043EA014306FB0EF1994208D91CEB0303E3
:10E4000006F1FF3814D2994212D9023E63445B1AD6
:10E4100046EA004136E73946EDE6184602E7F045A0
:10E42000ADD2BEEB020366EB0C060138B146A6E79F
:10E430004646ECE7034698E74046D3E7D6467EE7F4
:10E440006444023847E708460DE7023E63442DE77F
:10E45000164B10B51C68236BB3B9182000F04AFAAC
:10E460000246206320B9124B1248522100F0DAF91B
:10E470001149124BC0E90013114B83600B238381B8
:10E4800000210120C2E90401216B0E480B694C698F
:10E490000D4A584302FB0400A3FB0232013340EB58
:10E4A0000200C1E9043020F0004010BD4C01002002
:10E4B000381301084F1301080E33CDAB34126DE64B
:10E4C000ECDE05002DF451582D7F954C002310B53E
:10E4D0000446C0E90033C0E90433836081814366A8
:10E4E000C2818361194608225C3000F016F90D4B99
:10E4F00063620D4BA3620D4BE3620D4B23630D4B27
:10E5000024629C4206D003F16802944202D0D033C8
:10E510009C4205D104F15800BDE8104000F070B9EC
:10E5200010BD00BF75E6000897E60008CFE60008BA
:10E53000F3E600081C870020024A0349034800F064
:10E5400069B800BF4001002005F10008500100201B
:10E5500041680C4B994210B5044601D000F0D2FD41
:10E56000A168094B994202D0204600F0CBFDE1683A
:10E57000064B994204D02046BDE8104000F0C2BDD1
:10E5800010BD00BF1C87002084870020EC8700207E
:10E5900010B50B4B0B4C0C4A1A602046002204218C
:10E5A000FFF794FF04F1680001220921FFF78EFFB5
:10E5B00004F1D0000222BDE810401221FFF786BF0F
:10E5C000548800201C87002039E50008014800F02D
:10E5D00018B900BF5D880020014800F013B900BFE2
:10E5E0005D88002010B50446FFF7F0FF236A1BB1D9
:10E5F000BDE81040FFF7F0BF044B2362044B1B68DB
:10E60000002BF5D1FFF7C4FFF2E700BF51E500088A
:10E61000548800202DE9F843074688461446002612
:10E62000D4E90195B9F1010905D52468002CF7D189
:10E630003046BDE8F883AB89012B07D9B5F90E3018
:10E64000013303D029463846C04706436835E9E719
:10E650000FB407B5064904AB086853F8042B81686A
:10E66000019300F027FA03B05DF804EB04B07047A3
:10E670004C01002010B50C46B1F90E1000F078F8EE
:10E680000028ABBF636DA3891B1823F48053ACBF74
:10E690006365A38110BD2DE9F0411F468B89DB0521
:10E6A00005460C46164605D5B1F90E100223002288
:10E6B00000F04CF8A389B4F90E1023F48053A38121
:10E6C00032463B462846BDE8F04100F063B810B53D
:10E6D0000C46B1F90E1000F039F8431CA38915BFA0
:10E6E000606523F4805343F48053A38118BFA38152
:10E6F00010BDB1F90E1000F019B810B5013902447F
:10E70000904201D1002005E0037811F8014FA342A7
:10E7100001D0181B10BD0130F2E7024403469342BA
:10E7200000D1704703F8011BF9E7000038B5064D2A
:10E730000023044608462B60FFF782FB431C02D1EE
:10E740002B6803B1236038BD5888002038B5074DC9
:10E7500004460846114600222A601A46FFF77CFB51
:10E76000431C02D12B6803B1236038BD58880020B8
:10E7700038B5074D04460846114600222A601A465D
:10E78000FFF742FB431C02D12B6803B1236038BD65
:10E790005888002038B5074D044608461146002227
:10E7A0002A601A46FFF73EFB431C02D12B6803B1D7
:10E7B000236038BD5888002070B50D4D0D4C641B8A
:10E7C000A4100026A64209D10B4D0C4C00F048FEC7
:10E7D000641BA4100026A64205D170BD55F8043B69
:10E7E00098470136EEE755F8043B98470136F2E7C3
:10E7F0002014010820140108201401082414010821
:10E800007047704770470A44914200F1FF3300D1CE
:10E81000704710B511F8014B03F8014F9142F9D13F
:10E8200010BD00001FB514461A46094B1B6805466B
:10E83000D8684CB1074B0091CDE9013406492B460D
:10E8400000F088FC00F03CFD044B1C46F3E700BFE1
:10E850004C010020A8130108B5130108E3130108B7
:10E8600038B50546002941D051F8043C0C1F002B57
:10E87000B8BFE41800F0E8F81D4A136833B96360C4
:10E8800014602846BDE8384000F0E4B8A34208D937
:10E89000206821188B4201BF19685B680918216044
:10E8A000EDE71A465B680BB1A342FAD9116850181C
:10E8B000A0420BD120680144501883421160E0D17E
:10E8C00018685B68536008441060DAE702D90C23CB
:10E8D0002B60D6E7206821188B4204BF19685B685B
:10E8E000636004BF091821605460CAE738BD00BFE7
:10E8F00064880020024B0146186800F025B800BF6C
:10E900004C01002070B50F4E0C463168054611B918
:10E9100000F0C6FC30602146284600F0C1FC431CD4
:10E9200003D14FF0FF34204670BDC41C24F0030413
:10E93000A042F8D0211A284600F0B2FC0130F2D1F2
:10E94000EFE700BF608800202DE9F843CD1C25F0DB
:10E95000030508350C2D38BF0C25002D064601DBBC
:10E96000A94204D90C2333600020BDE8F883DFF806
:10E97000D48000F069F8D8F800301C4644BB294622
:10E980003046FFF7BFFF431C044658D1D8F800407B
:10E990002746002F43D1002C4BD023683946304600
:10E9A00004EB030900F07CFC814542D121686D1A1B
:10E9B00029463046FFF7A6FF01303AD023682B44A2
:10E9C0002360D8F800305A6862BBC8F800700FE0C6
:10E9D0002268521B20D40B2A17D96119A342256043
:10E9E00018BF5960636808BFC8F8001062514B60D7
:10E9F000304600F02FF804F10B00231D20F0070033
:10EA0000C21A1CBF1B1AA350AFE76268A3420CBF17
:10EA1000C8F800205A60EBE723466468AEE73C463E
:10EA20007F68B6E71A465B68A342FBD100235360B8
:10EA3000DEE70C233360304600F00CF894E7056005
:10EA4000D6E700BF648800200148FFF7DABE00BFA8
:10EA50005C8800200148FFF7D5BE00BF5C8800201D
:10EA60009368013B002B10B4936008DA9469A342C9
:10EA700001DB0A2903D15DF8044B00F07DBB13686C
:10EA8000581C1060197008465DF8044B7047F8B5C3
:10EA900006460F461446D518AC4201D1002007E0C7
:10EAA00014F8011B3A463046FFF7DAFF431CF3D156
:10EAB000F8BD00002DE9F04F0D469DB01446984674
:10EAC000064618B1036A0BB9FFF78CFD6B6ED907C8
:10EAD00005D4AB899A0502D4A86DFFF792FEAB89E5
:10EAE0001B0701D52B699BB92946304600F082FBF4
:10EAF00070B16B6EDC0704D54FF0FF301DB0BDE880
:10EB0000F08FAB899805F7D4A86DFFF77BFEF3E78C
:10EB10000023099320238DF82930CDF80C80302371
:10EB2000DFF8AC818DF82A304FF0010923469A4670
:10EB300013F8012B0AB1252AF9D1BAEB040B0BD03B
:10EB40005B46224629463046FFF7A1FF013000F020
:10EB5000A780099A5A4409929AF80030002B00F0D5
:10EB60009F8000234FF0FF32CDE905230AF1010A0F
:10EB7000049307938DF853301A935446052214F8E2
:10EB8000011B5348F2F724F8049AD8B9D10644BFC0
:10EB900020238DF85330130744BF2B238DF85330B7
:10EBA0009AF800302A2B15D0079A544600204FF0CF
:10EBB0000A0C214611F8013B303B092B4BD9B0B16F
:10EBC000079214E0A0EB080309FA03F3134304933C
:10EBD000A246D2E7039B191D1B680391002BBBBF04
:10EBE0005B4242F0020207930793B8BF0492237876
:10EBF0002E2B0AD163782A2B32D1039B1A1D1B6856
:10EC0000039243EAE37302340593DFF8D4A021783A
:10EC100003225046F1F7DCFF38B1049BA0EB0A0059
:10EC20004022824013430134049314F8011B294805
:10EC30008DF828100622F1F7CBFF00283FD0264B95
:10EC40001BBB039B073323F0070308330393099B84
:10EC50003B4409936AE70CFB02320C460120A8E70B
:10EC600000230134059319464FF00A0C204610F892
:10EC7000012B303A092A03D9002BC6D00591C4E7ED
:10EC80000CFB012104460123F0E703AB00932A4665
:10EC9000124B04A93046AFF300800746781CD6D14A
:10ECA0006B6ED90705D4AB899A0502D4A86DFFF71E
:10ECB000A9FDAB895B063FF51FAF09981EE703ABC3
:10ECC00000932A46054B04A9304600F079F8E4E7A2
:10ECD000E4130108EE130108000000008FEA0008A9
:10ECE000EA1301082DE9F047164698468A680B6931
:10ECF000DDF820909342B8BF1346336091F843206B
:10ED000007460C460AB1013333602368990642BFB7
:10ED1000336802333360256815F0060506D104F127
:10ED2000190AE36832689B1AAB4226DC94F8433038
:10ED30002268003B18BF012392062BD404F1430242
:10ED400041463846C84701301ED02368226903F087
:10ED50000603042B02BFE5683368ED1AA3680CBFF5
:10ED600025EAE57500259342C4BF9B1AED180026DD
:10ED70001A34B5421AD1002008E001235246414618
:10ED80003846C847013003D14FF0FF30BDE8F08767
:10ED90000135C6E7E1185A1C302081F843002244AF
:10EDA00094F8451082F843100233C7E70123224646
:10EDB00041463846C8470130E6D00136D9E7000061
:10EDC0002DE9FF470F7E0C9E782F914680460C461A
:10EDD0009A4601F1430207D8622F0AD8002F00F0AB
:10EDE000D180582F00F0B88004F1420684F84270B8
:10EDF0003AE0A7F16303152BF6D801A151F823F0EF
:10EE000059EE00086DEE0008E9ED0008E9ED000894
:10EE1000E9ED0008E9ED00086DEE0008E9ED0008F5
:10EE2000E9ED0008E9ED0008E9ED00086BEF0008E6
:10EE300097EE000825EF0008E9ED0008E9ED00086D
:10EE40008DEF0008E9ED000897EE0008E9ED0008F5
:10EE5000E9ED00082DEF000833681A1D1B683260C9
:10EE600004F1420684F8423001239CE033682068B4
:10EE7000191D3160060601D51D6803E04506FBD566
:10EE8000B3F90050002D03DA2D236D4284F843308E
:10EE900058480A2311E021683368080653F8045BD8
:10EEA00002D4490648BFADB26F2F5248336014BF39
:10EEB0000A230823002184F843106668A660002E08
:10EEC00005DB21682E4321F0040121604BD016465A
:10EED000B5FBF3F103FB1157C75D06F8017D2F4623
:10EEE000BB420D46F4D9082B0BD12368DF0708D5A8
:10EEF000236961689942DEBF302306F8013C06F1C0
:10EF0000FF36921B2261CDF800A04B4603AA214692
:10EF10004046FFF7E7FE01304AD14FF0FF3004B022
:10EF2000BDE8F087236843F0200323603248782748
:10EF300084F84570236831681F0651F8045B02D4D9
:10EF40005F0648BFADB23160D90744BF43F020032C
:10EF500023601DB11023ADE72648E9E7236823F0BD
:10EF600020032360F6E71646BDE73368256861692C
:10EF7000181D30602E061B6801D5196002E0680676
:10EF8000FBD51980002323611646BCE733681A1DA0
:10EF900032601E68626800213046F1F719FE08B140
:10EFA000801B606063682361002384F84330AAE714
:10EFB0002369324649464046D0470130ADD02368E8
:10EFC0009B0713D4E068039B9842B8BF1846A6E796
:10EFD0000123324649464046D04701309DD0013595
:10EFE000E36803995B1AAB42F2DCEBE7002504F11E
:10EFF0001906F5E7F513010806140108B1F90C200C
:10F000002DE9F041160705460C4654D44B68002BF9
:10F0100002DC0B6C002B48DDE66A002E45D0002395
:10F0200012F480522F68216A2B6030D0626DA38960
:10F03000590705D56368D21A636B0BB1236CD21ADA
:10F040000023E66A216A2846B047431CA38906D1FB
:10F0500029681D292BD82A4ACA40D60727D500225D
:10F060006260D9042269226004D5421C01D12B6858
:10F0700003B96065616B2F60B9B104F14403994233
:10F0800002D02846FFF7ECFB002363630DE0012369
:10F090002846B0470246501CC9D12B68002BC6D069
:10F0A0001D2B01D0162B1ED12F60002022E043F033
:10F0B00040031BB21BE00F69002FF6D093070E68C8
:10F0C00008BF4B690F6018BF0023A6EB07088B60D1
:10F0D000B8F1000FE9DD216AA66A43463A462846A0
:10F0E000B047002808DCB4F90C3043F04003A3819A
:10F0F0004FF0FF30BDE8F0810744A8EB0008E7E7D8
:10F100000100402038B50B6905460C4613B90025AF
:10F11000284638BD18B1036A0BB9FFF763FAB4F992
:10F120000C30002BF3D0626ED00704D4990502D4C2
:10F13000A06DFFF766FB28462146FFF75FFF636E71
:10F14000DA070546E4D4A3899B05E1D4A06DFFF757
:10F1500059FBDDE70EB403B5014603AB054853F890
:10F16000042B00680193FFF7A5FC02B05DF804EBE7
:10F1700003B070474C010020F8B50E461446054612
:10F1800018B1036A0BB9FFF72DFAA369A360A3892D
:10F190001A0701D5236943B92146284600F02AF809
:10F1A00018B14FF0FF373846F8BD23682269981A26
:10F1B0006369F6B28342374605DC21462846FFF7ED
:10F1C000A1FF0028EDD1A368013BA36023685A1C6E
:10F1D00022601E706269431C9A4204D0A389DB0737
:10F1E000E1D50A2EDFD121462846FFF78BFF002804
:10F1F000D9D0D6E738B5294B054618680C4618B162
:10F20000036A0BB9FFF7EEF9B4F90C30190722D4F1
:10F21000DA0607D409222A6043F04003A3814FF0A5
:10F22000FF3033E0580712D5616B41B104F144035C
:10F23000994202D02846FFF713FB00236363A3899A
:10F2400023F02403A3810023636023692360A3893F
:10F2500043F00803A38123694BB9A38903F4207306
:10F26000B3F5007F03D02146284600F056F8B4F9E4
:10F270000C3013F001020AD00022A26062695242EF
:10F28000A261226942B913F08000C5D138BD990747
:10F2900058BF6269A260F4E70020F7E74C01002044
:10F2A00038B5064D0023044608462B60FEF7D6FD10
:10F2B000431C02D12B6803B1236038BD588800205D
:10F2C00008B5062000F08EF80120FEF797FD70B516
:10F2D0000C46B1F90E10002996B015461E460DDAFF
:10F2E000A38913F0800F4FF0000114BF40234FF4A7
:10F2F0008063002031602B6016B070BD6A4600F05C
:10F3000079F80028ECDB019901F47041A1F5005374
:10F31000594259414FF48063EBE78B89F7B59D075C
:10F3200006460C4607D504F14703236023610123F9
:10F33000636103B0F0BD01AB6A46FFF7C8FF009FF1
:10F34000054639463046FFF7FFFA48B9B4F90C30A4
:10F350009A05EED423F0030343F00203A381E2E70E
:10F36000A389206043F08003A381019BC4E90407C3
:10F370005BB1B4F90E10304600F04EF828B1A38905
:10F3800023F0030343F00103A381A3891D43A58157
:10F39000CFE71F2938B505460C4604D9162303606C
:10F3A0004FF0FF3038BDC26B12B152F821304BB96B
:10F3B000284600F053F8224601462846BDE838406A
:10F3C00000F03AB8012B0AD0591C03D11623036070
:10F3D0000120E7E7002142F824102046984700204A
:10F3E000E0E70000024B01461868FFF7D2BF00BFFC
:10F3F0004C01002038B5074D00230446084611464D
:10F400002B60FEF721FD431C02D12B6803B1236062
:10F4100038BD00BF5888002038B5064D002304468B
:10F4200008462B60FEF716FD431C02D12B6803B182
:10F43000236038BD5888002038B5074D00230446A6
:10F44000084611462B60FEF7D1FC431C02D12B6805
:10F4500003B1236038BD00BF58880020FEF7C4BC4C
:10F46000F8B500BFF8BC08BC9E467047F8B500BFB1
:08F47000F8BC08BC9E46704781
:10F47800102840587088A0B83235352E3235352ED0
:10F488003235352E323535003139322E3136382E77
:10F49800322E3200433A2F55736572732F6C6F7199
:10F4A8002F446F63756D656E74732F4D41544C41D5
:10F4B800422F62616C6F6E63756B5F726F762F4C53
:10F4C8005749502F5461726765742F657468657267
:10F4D8006E657469662E63006E6574696620213DE9
:10F4E800204E554C4C000000417373657274696F6F
:10F4F8006E2022257322206661696C656420617420
:10F50800206C696E6520256420696E2025730A00C9
:10F5180042414C4F4E43554B524F5600433A2F559C
:10F52800736572732F6C6F712F446F63756D656EA1
:10F5380074732F4D41544C41422F62616C6F6E635E
:10F54800756B5F726F762F4D6964646C6577617255
:10F5580065732F54686972645F50617274792F4CB7
:10F568007749502F7372632F6E657469662F6574BF
:10F578006865726E65742E63000000006E657469BC
:10F58800662D3E6877616464725F6C656E206D7588
:10F598007374206265203620666F72206574686512
:10F5A800726E65745F6F7574707574210000000069
:10F5B800433A2F55736572732F6C6F712F446F63C5
:10F5C800756D656E74732F4D41544C41422F6261C5
:10F5D8006C6F6E63756B5F726F762F4D6964646CC8
:10F5E8006577617265732F54686972645F506172E0
:10F5F80074792F4C7749502F7372632F636F72653C
:10F608002F6D656D2E6300006D656D5F66726565B3
:10F618003A2073616E69747920636865636B206151
:10F628006C69676E6D656E74000000006D656D5FD6
:10F63800667265653A20696C6C6567616C206D65FA
:10F648006D6F7279000000006D656D5F66726565AB
:10F658003A20696C6C6567616C206D656D6F7279B5
:10F668003A20646F75626C652066726565000000FB
:10F678006D656D5F667265653A20696C6C6567617A
:10F688006C206D656D6F72793A206E6F6E2D6C69A6
:10F698006E6B65643A20646F75626C65206672658E
:10F6A80065000000706C75675F686F6C65733A2061
:10F6B8006D656D203C2072616D5F656E64000000B1
:10F6C800706C75675F686F6C65733A206D656D2D3A
:10F6D8003E75736564203D3D20300000706C756791
:10F6E8005F686F6C65733A206D656D2D3E6E657849
:10F6F80074203C3D204D454D5F53495A455F414C70
:10F7080049474E45440000006D656D5F7472696D30
:10F718003A206C6567616C206D656D6F72790000C9
:10F728006D656D5F7472696D2063616E206F6E6CBC
:10F738007920736872696E6B206D656D6F727900E0
:10F74800696E76616C6964206E6578742070747275
:10F75800000000006D656D5F6D616C6C6F633A2031
:10F76800616C6C6F6361746564206D656D6F72792F
:10F77800206E6F742061626F76652072616D5F65BF
:10F788006E642E006D656D5F6D616C6C6F633A2001
:10F79800616C6C6F6361746564206D656D6F7279FF
:10F7A8002070726F7065726C7920616C69676E6524
:10F7B800642E00006D656D5F6D616C6C6F633A203F
:10F7C80073616E69747920636865636B20616C6925
:10F7D800676E6D656E740000433A2F5573657273DA
:10F7E8002F6C6F712F446F63756D656E74732F4D39
:10F7F80041544C41422F62616C6F6E63756B5F724E
:10F808006F762F4D6964646C6577617265732F54E8
:10F81800686972645F50617274792F4C7749502F10
:10F828007372632F636F72652F6D656D702E630041
:10F838006D656D705F6D616C6C6F633A206D656DA1
:10F84800702070726F7065726C7920616C69676E78
:10F8580065640000696E76616C696420706F6F6C16
:10F8680020646573630000006D656D705F6D616C89
:10F878006C6F633A2074797065203C204D454D507B
:10F888005F4D4158000000006D656D705F667265E0
:10F89800653A206D656D2070726F7065726C7920A5
:10F8A800616C69676E6564006D656D705F66726531
:10F8B800653A2074797065203C204D454D505F4D68
:10F8C80041580000433A2F55736572732F6C6F715E
:10F8D8002F446F63756D656E74732F4D41544C41A1
:10F8E800422F62616C6F6E63756B5F726F762F4D1E
:10F8F8006964646C6577617265732F5468697264B2
:10F908005F50617274792F4C7749502F7372632F4F
:10F91800636F72652F6E657469662E630000000060
:10F928006E657469665F696E7075743A20696E7683
:10F93800616C696420706275660000006E657469A8
:10F94800665F696E7075743A20696E76616C696479
:10F95800206E6574696600006E657469665F61642F
:10F96800643A20696E76616C6964206E65746966B4
:10F97800000000006E657469665F6164643A204E39
:10F988006F20696E69742066756E6374696F6E2086
:10F99800676976656E0000006E6574696620616C43
:10F9A800726561647920616464656400746F6F20B6
:10F9B8006D616E79206E65746966732C206D61784F
:10F9C8002E20737570706F72746564206E756D6229
:10F9D8006572206973203235350000006E657469E0
:10F9E800665F7365745F75703A20696E76616C69DD
:10F9F80064206E65746966006E657469665F736518
:10FA0800745F646F776E3A20696E76616C69642002
:10FA18006E65746966000000433A2F55736572730A
:10FA28002F6C6F712F446F63756D656E74732F4DF6
:10FA380041544C41422F62616C6F6E63756B5F720B
:10FA48006F762F4D6964646C6577617265732F54A6
:10FA5800686972645F50617274792F4C7749502FCE
:10FA68007372632F636F72652F706275662E630001
:10FA7800696E76616C696420706275665F7479700E
:10FA8800650000007020213D204E554C4C000000C0
:10FA9800696E6372656D656E745F6D61676E6974BA
:10FAA800756465203C3D20702D3E6C656E0000003D
:10FAB800706275665F667265653A20702D3E726584
:10FAC80066203E203000000070632D3E637573741D
:10FAD8006F6D5F667265655F66756E6374696F6E7C
:10FAE80020213D204E554C4C00000000696E766187
:10FAF8006C69642070627566207479706500000016
:10FB0800706275665F616C6C6F633A206572726FC4
:10FB18006E656F7573207479706500007062756624
:10FB28005F7265616C6C6F633A207020213D204ED6
:10FB3800554C4C00706275665F7265616C6C6F63E2
:10FB48003A207120213D204E554C4C006D656D5F6B
:10FB58007472696D2072657475726E6564207120A7
:10FB68003D3D204E554C4C007062756620726566AE
:10FB7800206F766572666C6F770000002868202118
:10FB88003D204E554C4C2920262620287420213D06
:10FB9800204E554C4C29202870726F6772616D6D2C
:10FBA80065722076696F6C617465732041504929CC
:10FBB80000000000702D3E746F745F6C656E203D10
:10FBC8003D20702D3E6C656E20286F66206C617339
:10FBD80074207062756620696E20636861696E2999
:10FBE80000000000702D3E6E657874203D3D204E6B
:10FBF800554C4C00706275665F636F70793A20747B
:10FC08006172676574206E6F742062696720656E23
:10FC18006F75676820746F20686F6C6420736F75E8
:10FC2800726365006F66667365745F746F203C3D30
:10FC380020705F746F2D3E6C656E00006F66667392
:10FC480065745F66726F6D203C3D20705F66726FF1
:10FC58006D2D3E6C656E0000705F746F20213D2035
:10FC68004E554C4C00000000706275665F636F7003
:10FC780079282920646F6573206E6F7420616C6C1D
:10FC88006F77207061636B65742071756575657336
:10FC980021000000706275665F636F70795F706144
:10FCA800727469616C3A20696E76616C696420626D
:10FCB80075660000706275665F636F70795F70616A
:10FCC800727469616C3A20696E76616C696420644B
:10FCD8006174617074720000706275665F636F7042
:10FCE80079206661696C656400000000433A2F550D
:10FCF800736572732F6C6F712F446F63756D656ECA
:10FD080074732F4D41544C41422F62616C6F6E6386
:10FD1800756B5F726F762F4D6964646C657761727D
:10FD280065732F54686972645F50617274792F4CDF
:10FD38007749502F7372632F636F72652F746370E6
:10FD48002E63000070636220213D204E554C4C000C
:10FD58007463705F667265653A204C495354454E2A
:10FD6800000000007463705F7570646174655F7291
:10FD780063765F616E6E5F776E643A20696E766156
:10FD88006C696420706362006E65775F7263765F8A
:10FD9800616E6E5F776E64203C3D203078666666E3
:10FDA800660000007463705F7265637665643A206C
:10FDB800696E76616C69642070636200646F6E2797
:10FDC800742063616C6C207463705F726563766520
:10FDD8006420666F72206C697374656E2D7063623F
:10FDE800730000007463705F736C6F77746D723AA0
:10FDF80020616374697665207063622D3E73746157
:10FE0800746520213D20434C4F5345440A000000AF
:10FE18007463705F736C6F77746D723A206163748A
:10FE2800697665207063622D3E7374617465202164
:10FE38003D204C495354454E0A0000007463705FDE
:10FE4800736C6F77746D723A20616374697665209C
:10FE58007063622D3E737461746520213D2054499E
:10FE68004D452D574149540A000000007463705FE6
:10FE7800736C6F7774696D723A2070657273697309
:10FE880074207469636B696E672077697468206988
:10FE98006E2D666C69676874206461746100000087
:10FEA8007463705F736C6F7774696D723A207065F4
:10FEB8007273697374207469636B696E67207769FC
:10FEC800746820656D7074792073656E642062753E
:10FED80066666572000000007463705F736C6F770C
:10FEE800746D723A206D6964646C65207463702067
:10FEF800213D207463705F6163746976655F706328
:10FF0800627300007463705F736C6F77746D723A1C
:10FF180020666972737420706362203D3D207463AB
:10FF2800705F6163746976655F7063627300000077
:10FF38007463705F736C6F77746D723A2054494DB7
:10FF4800452D57414954207063622D3E7374617486
:10FF580065203D3D2054494D452D574149540000E9
:10FF68007463705F736C6F77746D723A206D696437
:10FF7800646C652074637020213D207463705F7425
:10FF8800775F7063627300007463705F736C6F7780
:10FF9800746D723A20666972737420706362203DD2
:10FFA8003D207463705F74775F7063627300000054
:10FFB8007463705F7365675F636F70793A20696E09
:10FFC80076616C6964207365670000007463705F14
:10FFD8007063625F70757267653A20696E76616CEE
:10FFE80069642070636200007463705F7063625FAD
:08FFF80072656D6F76653A2019
:020000040801F1
:10000000696E76616C696420706362007463705F0E
:100010007063625F72656D6F76653A20696E7661B6
:100020006C6964207063626C69737400756E7365CB
:100030006E74207365676D656E7473206C65616B9B
:10004000696E6700756E61636B6564207365676DCB
:10005000656E7473206C65616B696E6700000000EB
:100060006F6F736571207365676D656E7473206C57
:1000700065616B696E6700007463705F6162616ED9
:10008000646F6E3A20696E76616C69642070636299
:1000900000000000646F6E27742063616C6C207434
:1000A00063705F61626F72742F7463705F6162610D
:1000B0006E646F6E20666F72206C697374656E2D4E
:1000C00070636273000000007463705F636C6F7331
:1000D000655F73687574646F776E3A20696E7661D8
:1000E0006C696420706362007063622D3E666C61AF
:1000F000677320262054465F5258434C4F53454463
:10010000000000007463705F667265655F6C697300
:1001100074656E3A20214C495354454E000000004E
:100120007463705F726563765F6E756C6C3A20699C
:100130006E76616C69642070636200007463705F46
:1001400070726F636573735F726566757365645F04
:10015000646174613A20696E76616C6964207063D1
:10016000620000007463705F6E6578745F6973731A
:100170003A20696E76616C696420706362000000E9
:100180007463705F6566665F73656E645F6D7373DD
:100190005F6E657469663A20696E76616C69642089
:1001A0006473745F69700000433A2F55736572730E
:1001B0002F6C6F712F446F63756D656E74732F4D67
:1001C00041544C41422F62616C6F6E63756B5F727C
:1001D0006F762F4D6964646C6577617265732F5417
:1001E000686972645F50617274792F4C7749502F3F
:1001F0007372632F636F72652F7463705F696E2E05
:10020000630000007463705F70617273656F707477
:100210003A20696E76616C69642070636200000048
:100220007463705F6F6F735F696E736572745F7311
:1002300065676D656E743A20696E76616C696420DD
:1002400063736567000000007063622D3E736E6427
:100250005F71756575656C656E203E3D20706275D9
:10026000665F636C656E286E6578742D3E7029003C
:100270007463705F726563656976653A2076616C58
:100280006964207175657565206C656E67746800BA
:100290007463705F726563656976653A2077726F23
:1002A0006E6720737461746500000000696E736589
:1002B000672E7020213D204E554C4C00696E7361B5
:1002C0006E65206F666673657421000070627566E6
:1002D00020746F6F2073686F727421007463705F95
:1002E000726563656976653A207365676D656E74DE
:1002F000206E6F74207472696D6D656420636F7217
:10030000726563746C7920746F207263765F776EA8
:10031000640A00007463705F726563656976653AAC
:10032000207365676D656E74206E6F7420747269DA
:100330006D6D656420636F72726563746C7920748F
:100340006F206F6F7365712071756575650A0000A8
:100350007463705F726563656976653A2074637073
:100360006C656E203E207263765F776E640A0000D3
:100370007463705F726563656976653A206F6F7349
:100380006571207463706C656E203E207263765FC9
:10039000776E640A000000007463705F696E7075A8
:1003A000743A20696E76616C6964207062756600CB
:1003B000702D3E6E65787420213D204E554C4C00CA
:1003C000702D3E6C656E203D3D203000702D3E74DA
:1003D0006F745F6C656E203D3D20702D3E6E6578BC
:1003E000742D3E746F745F6C656E00007463705F93
:1003F000696E7075743A2061637469766520706304
:10040000622D3E737461746520213D20434C4F532F
:10041000454400007463705F696E7075743A2061C2
:100420006374697665207063622D3E7374617465D0
:1004300020213D2054494D452D574149540000008D
:100440007463705F696E7075743A20616374697665
:1004500065207063622D3E737461746520213D20B8
:100460004C495354454E00007463705F696E70755B
:10047000743A207063622D3E6E65787420213D20B1
:1004800070636220286265666F72652063616368CD
:10049000652900007463705F696E7075743A20702E
:1004A00063622D3E6E65787420213D20706362206A
:1004B00028616674657220636163686529000000C5
:1004C0007463705F696E7075743A2054494D452DA0
:1004D00057414954207063622D3E737461746520E6
:1004E0003D3D2054494D452D5741495400000000E1
:1004F0007463705F696E7075743A207063622D3E2C
:10050000737461746520213D20434C4F5345440072
:100510007063622D3E736E645F71756575656C65A1
:100520006E203E20300000006E6F207365676D65A1
:100530006E7420746F206672656500007063622DB2
:100540003E6C697374656E65722D3E6163636570A0
:100550007420213D204E554C4C0000007063622DEC
:100560003E726566757365645F64617461203D3DCC
:10057000204E554C4C000000433A2F557365727362
:100580002F6C6F712F446F63756D656E74732F4D93
:1005900041544C41422F62616C6F6E63756B5F72A8
:1005A0006F762F4D6964646C6577617265732F5443
:1005B000686972645F50617274792F4C7749502F6B
:1005C0007372632F636F72652F7463705F6F7574DE
:1005D0002E6300007463705F706275665F70726591
:1005E000616C6C6F633A20696E76616C696420702F
:1005F000636200006E65656420756E636861696E94
:1006000065642070627566007463705F6372656113
:1006100074655F7365676D656E743A20696E7661A7
:100620006C696420706362007463705F63726561FB
:1006300074655F7365676D656E743A20696E766187
:100640006C6964207062756600000000702D3E7455
:100650006F745F6C656E203E3D206F70746C656ECC
:10066000000000007463705F6F75747075745F6173
:100670006C6C6F635F6865616465723A20696E7661
:10068000616C6964207063620000000063686563E8
:100690006B2074686174206669727374207062756F
:1006A000662063616E20686F6C642073747275637A
:1006B00074207463705F6864720000007463705F1C
:1006C00073706C69745F756E73656E745F73656764
:1006D0003A20696E76616C69642070636200000084
:1006E00043616E27742073706C6974207365676D45
:1006F000656E7420696E746F206C656E6774682017
:100700003000000073706C6974203C3D206D737381
:1007100000000000757365672D3E6C656E203E20FD
:10072000300000007463705F73656E645F66696EAD
:100730003A20696E76616C69642070636200000023
:100740007365672D3E746370686472206E6F7420E9
:10075000616C69676E6564007463705F656E717566
:100760006575655F666C6167733A20696E76616C6A
:100770006964207365676D656E74206C656E67745F
:10078000680000007463705F656E71756575655F04
:10079000666C6167733A20696E76616C696420717A
:1007A00075657565206C656E677468007463705F4D
:1007B000656E71756575655F666C6167733A206E0D
:1007C00065656420656974686572205443505F53A1
:1007D000594E206F72205443505F46494E20696E37
:1007E00020666C616773202870726F6772616D6D2F
:1007F00065722076696F6C61746573204150492978
:10080000000000007463705F656E71756575655FEB
:10081000666C6167733A20696E76616C69642070FA
:10082000636200007463705F656E71756575655F06
:10083000666C6167733A20636865636B20746861F6
:100840007420666972737420706275662063616ECD
:1008500020686F6C64206F70746C656E000000001F
:100860007463705F7265786D69745F72746F5F70C6
:100870007265706172653A20696E76616C69642098
:10088000706362007463705F7265786D69743A209A
:10089000696E76616C696420706362007463705F76
:1008A0007265786D69745F666173743A20696E76FB
:1008B000616C696420706362000000007463705FA3
:1008C0007273743A20696E76616C6964206C6F6330
:1008D000616C5F69700000007463705F7273743ADA
:1008E00020696E76616C69642072656D6F74655FF6
:1008F000697000007463705F73656E645F656D702E
:1009000074795F61636B3A20696E76616C6964200B
:10091000706362007463705F6F75747075743A20F1
:10092000696E76616C69642070636200646F6E2723
:10093000742063616C6C207463705F6F7574707584
:100940007420666F72206C697374656E2D706362BB
:1009500073000000525354206E6F742065787065E8
:100960006374656420686572652100006F70746946
:100970006F6E73206E6F742066696C6C6564000026
:100980007463705F7265786D69745F72746F5F63B2
:100990006F6D6D69743A20696E76616C6964207060
:1009A000636200007463705F7265786D69745F7272
:1009B000746F3A20696E76616C69642070636200BE
:1009C0007463705F6B656570616C6976653A206908
:1009D0006E76616C69642070636200007463705F9E
:1009E0007A65726F5F77696E646F775F70726F623E
:1009F000653A20696E76616C6964207063620000FC
:100A0000433A2F55736572732F6C6F712F446F6368
:100A1000756D656E74732F4D41544C41422F626168
:100A20006C6F6E63756B5F726F762F4D6964646C6B
:100A30006577617265732F54686972645F50617283
:100A400074792F4C7749502F7372632F636F7265DF
:100A50002F74696D656F7574732E63007379735F9E
:100A600074696D656F75743A2074696D656F75741E
:100A700020213D204E554C4C2C20706F6F6C204D2A
:100A8000454D505F5359535F54494D454F55542080
:100A9000697320656D7074790000000054696D659C
:100AA0006F75742074696D6520746F6F206C6F6E44
:100AB000672C206D6178206973204C5749505F5531
:100AC000494E5433325F4D41582F34206D73656366
:100AD00073000000433A2F55736572732F6C6F716A
:100AE0002F446F63756D656E74732F4D41544C4187
:100AF000422F62616C6F6E63756B5F726F762F4D04
:100B00006964646C6577617265732F546869726497
:100B10005F50617274792F4C7749502F7372632F35
:100B2000636F72652F7564702E6300007564705F6B
:100B3000696E7075743A20696E76616C69642070B4
:100B4000627566007564705F696E7075743A2069CD
:100B50006E76616C6964206E6574696600000000E1
:100B60007564705F696E7075745F6C6F63616C5FE4
:100B70006D617463683A20696E76616C6964206E99
:100B80006574696600000000706275665F72656D6D
:100B90006F76655F686561646572206661696C6522
:100BA000640A00007564705F62696E643A20696E61
:100BB00076616C6964207063620000007564705F28
:100BC00073656E64746F5F69665F7372633A206900
:100BD0006E76616C69642070636200007564705F9A
:100BE00073656E64746F5F69665F7372633A2069E0
:100BF0006E76616C69642070627566007564705F02
:100C000073656E64746F5F69665F7372633A2069BF
:100C10006E76616C6964206473745F6970000000B3
:100C20007564705F73656E64746F5F69665F73721D
:100C3000633A20696E76616C6964207372635F69E0
:100C4000700000007564705F73656E64746F5F6937
:100C5000665F7372633A20696E76616C6964206EB8
:100C60006574696600000000636865636B207468E2
:100C700061742066697273742070627566206361A6
:100C80006E20686F6C642073747275637420756471
:100C9000705F6864720000007564705F73656E64F5
:100CA0003A20696E76616C696420706362000000AE
:100CB0007564705F73656E643A20696E76616C6905
:100CC00064207062756600007564705F636F6E6E9D
:100CD0006563743A20696E76616C69642070636242
:100CE000000000007564705F636F6E6E6563743A38
:100CF00020696E76616C6964206970616464720059
:100D00007564705F726563763A20696E76616C69AE
:100D10006420706362000000433A2F55736572735C
:100D20002F6C6F712F446F63756D656E74732F4DEB
:100D300041544C41422F62616C6F6E63756B5F7200
:100D40006F762F4D6964646C6577617265732F549B
:100D5000686972645F50617274792F4C7749502FC3
:100D60007372632F636F72652F697076342F6574A9
:100D7000686172702E6300006172705F7461626CF2
:100D8000655B695D2E71203D3D204E554C4C000049
:100D90006172705F7461626C655B695D2E73746112
:100DA0007465203D3D204554484152505F535441A5
:100DB00054455F454D505459000000006368656319
:100DC0006B20746861742066697273742070627538
:100DD000662063616E20686F6C6420737472756343
:100DE00074206574686172705F686472000000004E
:100DF0006E657469662D3E6877616464725F6C65C8
:100E00006E206D757374206265207468652073614F
:100E10006D65206173204554485F485741444452F2
:100E20005F4C454E20666F72206574686172702158
:100E3000000000006172705F7461626C655B6172DA
:100E4000705F6964785D2E7374617465203E3D2027
:100E50004554484152505F53544154455F535441A7
:100E6000424C450069706164647220213D204E55FA
:100E70004C4C00006574685F72657420213D204E03
:100E8000554C4C006E657469662D3E6877616464EC
:100E9000725F6C656E203D3D204554485F48574168
:100EA0004444525F4C454E0074797065206F7665FE
:100EB00072666C6F770000006E6F207061636B6507
:100EC000742071756575657320616C6C6F776564EE
:100ED000210000007120213D204E554C4C000000A7
:100EE000433A2F55736572732F6C6F712F446F6384
:100EF000756D656E74732F4D41544C41422F626184
:100F00006C6F6E63756B5F726F762F4D6964646C86
:100F10006577617265732F54686972645F5061729E
:100F200074792F4C7749502F7372632F636F7265FA
:100F30002F697076342F69636D702E630000000096
:100F400069636D705F696E7075743A206D6F766954
:100F50006E6720722D3E7061796C6F616420746FD2
:100F60002069636D702068656164657220666169DF
:100F70006C65640A0000000069636D705F696E70E3
:100F800075743A20726573746F72696E67206F7240
:100F90006967696E616C20702D3E7061796C6F615C
:100FA00064206661696C65640A00000063686563BB
:100FB0006B20746861742066697273742070627546
:100FC000662063616E20686F6C642069636D7020B9
:100FD0006D65737361676500433A2F55736572736E
:100FE0002F6C6F712F446F63756D656E74732F4D29
:100FF00041544C41422F62616C6F6E63756B5F723E
:101000006F762F4D6964646C6577617265732F54D8
:10101000686972645F50617274792F4C7749502F00
:101020007372632F636F72652F697076342F6970E6
:10103000342E6300636865636B2074686174206696
:101040006972737420706275662063616E20686FC8
:101050006C64207374727563742069705F68647265
:1010600000000000702D3E726566203D3D2031007D
:10107000433A2F55736572732F6C6F712F446F63F2
:10108000756D656E74732F4D41544C41422F6261F2
:101090006C6F6E63756B5F726F762F4D6964646CF5
:1010A0006577617265732F54686972645F5061720D
:1010B00074792F4C7749502F7372632F636F726569
:1010C0002F697076342F6970345F667261672E63A2
:1010D0000000000070637220213D204E554C4C00F2
:1010E0007072657620213D2069707200707265769D
:1010F0002D3E6E657874203D3D20697072000000C1
:1011000070627566735F6672656564202B20636C20
:10111000656E203C3D203078666666660000000003
:1011200073616E69747920636865636B206C696EA6
:101130006B6564206C6973740000000069705F72F5
:10114000656173735F70627566636F756E74203E60
:101150003D2070627566735F6672656564000000AD
:1011600073616E69747920636865636B00000000C9
:1011700076616C69646174655F64617461677261F2
:101180006D3A6E6578745F70627566213D4E554CA0
:101190004C00000069705F72656173735F70627507
:1011A00066636F756E74203E3D20636C656E000053
:1011B0006E6F74206669727374616C74686F7567A2
:1011C00068206A75737420656E7175657565640055
:1011D0006970345F6672616728293A2070627566AB
:1011E00020746F6F2073686F727400007468697385
:1011F000206E656564732061207062756620696E7B
:10120000206F6E652070696563652100702D3E6CEE
:10121000656E203E3D20706F66660000696E743119
:101220003600000075696E7438000000696E743312
:1012300032000000696E74363400000000000000C7
:1012400000000000FFFFFFFFFFFF0000D0120108B9
:10125000C4120108B8120108AC120108A01201085A
:1012600094120108881201087C120108701201080A
:1012700060021000CC560020C8560020100010005C
:10128000D47C0020D07C002010000300DC7D0020F6
:10129000D87D002018000F00147E0020107E002052
:1012A00020000500847F0020807F002010001000B7
:1012B0002C800020288000201C00080034810020A1
:1012C000308100209C0005001C8200201882002034
:1012D00020000400308500202C850020C8850020D7
:1012E000CC850020C4850020C085002003060C1892
:1012F00030607800010203040506070707070707A7
:1013000007000000FA0000001D8E0008E80300003E
:1013100035D70008E80300003DC6000800000000C3
:1013200000000000010203040000000000000000B3
:1013300001020304060708095245454E54206D6119
:101340006C6C6F6320737563636565646564002FFF
:10135000646174612F6A656E6B696E732F776F724B
:101360006B73706163652F474E552D746F6F6C639F
:101370006861696E2F61726D2D31332F7372632F27
:101380006E65776C69622D63796777696E2F6E651C
:10139000776C69622F6C6962632F7374646C696225
:1013A0002F72616E642E63002C2066756E63746903
:1013B0006F6E3A2000617373657274696F6E2022DC
:1013C000257322206661696C65643A2066696C65E4
:1013D00020222573222C206C696E652025642573DC
:1013E00025730A00232D302B2000686C4C006566A5
:1013F0006745464700303132333435363738394166
:10140000424344454600303132333435363738397B
:0814100061626364656600007F
:08141800A8F7FE7F01000000AF
:04142000D90C0008DB
:04142400B10C0008FF
:10142800000000000000F03F000000000000000085
:1014380010000002000100400080000000000000D1
:10144800FCA9F1D24D62603FFCA9F1D24D6260BFA8
:10145800000000000000F03F000000000000000055
:101468000000000000000000000000000000000074
:101478000000000000000000000000000000000064
:101488000000000000000000000000000000000054
:10149800FCA9F1D24D62503FFCA9F1D24D62503FF8
:1014A800FCA9F1D24D62503F00000000000000008E
:1014B800000000008087C3400A000000B80B00004D
:1014C8000000003F0000003F0000003F0000003F18
:1014D8000000003F0000003F000000000000803FC7
:1014E80000000000000000000000000000000000F4
:1014F80000000000000000000000000000000000E4
:101508000000803F0000000000000040EC51EC515A
:10151800EC515D505D505D5000000101010000007C
:1015280000FB05FFFFFFFFFB05FFFFFB05FB0501B8
:1015380001FF010101FF01000000000000000000A0
:101548000000000000000000000000000000000093
:10155800010000006E19000000C000C00024F40063
:1015680000000000030000001C870020500100203C
:10157800000000001C87002084870020EC870020E2
:101588000000000000000000000000000000000053
:101598000000000000000000000000000000000043
:1015A8000000000000000000000000000000000033
:0C15B80000000000000000000000000027
:040000050800DEA968
:00000001FF
